aa_new_seq	aa_position	aa_ref_seq	clone	codon_new_seq	codon_number	codon_position	codon_position_is_indeterminate	codon_ref_seq	gene_name	gene_position	gene_product	gene_strand	genes_inactivated	genes_overlapping	genes_promoter	insert_position	locus_tag	locus_tags_inactivated	locus_tags_overlapping	locus_tags_promoter	mutation_category	mutator_status	new_seq	population	position	position_end	position_start	ref_seq	seq_id	snp_type	time	title	transl_table	treatment	type
									GIHMMLFK_00160/GIHMMLFK_00161	intergenic (+69/-19)	hypothetical protein/hypothetical protein	>/>			GIHMMLFK_00161		GIHMMLFK_00160/GIHMMLFK_00161			GIHMMLFK_00161	snp_intergenic		C		159792	159792	159792	T	A37QDRAFT_scaffold_0.1282200	intergenic	-1	output			SNP
C	97	Y		TGT	97	2		TAT	GIHMMLFK_00485	290	GTP cyclohydrolase 1 type 2	>		GIHMMLFK_00485			GIHMMLFK_00485		GIHMMLFK_00485		snp_nonsynonymous		G		222797	222797	222797	A	A37QDRAFT_scaffold_1.2281151	nonsynonymous	-1	output	11		SNP
V	109	A		GTT	109	2		GCT	GIHMMLFK_01954	326	hypothetical protein	<		GIHMMLFK_01954			GIHMMLFK_01954		GIHMMLFK_01954		snp_nonsynonymous		A		98031	98031	98031	G	A37QDRAFT_scaffold_10.1198990	nonsynonymous	-1	output	11		SNP
G	71	?		GGC	71	3		GGN	GIHMMLFK_01955	213	IS5 family transposase ISNoc2	>		GIHMMLFK_01955			GIHMMLFK_01955		GIHMMLFK_01955		snp_nonsynonymous		C		236	236	236	N	A37QDRAFT_scaffold_11.1287663	nonsynonymous	-1	output	11		SNP
S	78	S		TCG	78	3		TCA	GIHMMLFK_01955	234	IS5 family transposase ISNoc2	>		GIHMMLFK_01955			GIHMMLFK_01955		GIHMMLFK_01955		snp_synonymous		G		257	257	257	A	A37QDRAFT_scaffold_11.1287663	synonymous	-1	output	11		SNP
K	90	E		AAG	90	1		GAG	GIHMMLFK_01955	268	IS5 family transposase ISNoc2	>		GIHMMLFK_01955			GIHMMLFK_01955		GIHMMLFK_01955		snp_nonsynonymous		A		291	291	291	G	A37QDRAFT_scaffold_11.1287663	nonsynonymous	-1	output	11		SNP
V	121	V		GTC	121	3		GTT	GIHMMLFK_01955	363	IS5 family transposase ISNoc2	>		GIHMMLFK_01955			GIHMMLFK_01955		GIHMMLFK_01955		snp_synonymous		C		386	386	386	T	A37QDRAFT_scaffold_11.1287663	synonymous	-1	output	11		SNP
Q	134	Q		CAA	134	3		CAG	GIHMMLFK_01955	402	IS5 family transposase ISNoc2	>		GIHMMLFK_01955			GIHMMLFK_01955		GIHMMLFK_01955		snp_synonymous		A		425	425	425	G	A37QDRAFT_scaffold_11.1287663	synonymous	-1	output	11		SNP
K	137	K		AAG	137	3		AAA	GIHMMLFK_01955	411	IS5 family transposase ISNoc2	>		GIHMMLFK_01955			GIHMMLFK_01955		GIHMMLFK_01955		snp_synonymous		G		434	434	434	A	A37QDRAFT_scaffold_11.1287663	synonymous	-1	output	11		SNP
R	139	R		CGT	139	3		CGC	GIHMMLFK_01955	417	IS5 family transposase ISNoc2	>		GIHMMLFK_01955			GIHMMLFK_01955		GIHMMLFK_01955		snp_synonymous		T		440	440	440	C	A37QDRAFT_scaffold_11.1287663	synonymous	-1	output	11		SNP
N	141	K		AAT	141	3		AAG	GIHMMLFK_01955	423	IS5 family transposase ISNoc2	>		GIHMMLFK_01955			GIHMMLFK_01955		GIHMMLFK_01955		snp_nonsynonymous		T		446	446	446	G	A37QDRAFT_scaffold_11.1287663	nonsynonymous	-1	output	11		SNP
E	147	E		GAG	147	3		GAA	GIHMMLFK_01955	441	IS5 family transposase ISNoc2	>		GIHMMLFK_01955			GIHMMLFK_01955		GIHMMLFK_01955		snp_synonymous		G		464	464	464	A	A37QDRAFT_scaffold_11.1287663	synonymous	-1	output	11		SNP
D	156	D		GAT	156	3		GAC	GIHMMLFK_01955	468	IS5 family transposase ISNoc2	>		GIHMMLFK_01955			GIHMMLFK_01955		GIHMMLFK_01955		snp_synonymous		T		491	491	491	C	A37QDRAFT_scaffold_11.1287663	synonymous	-1	output	11		SNP
G	166	G		GGT	166	3		GGC	GIHMMLFK_01955	498	IS5 family transposase ISNoc2	>		GIHMMLFK_01955			GIHMMLFK_01955		GIHMMLFK_01955		snp_synonymous		T		521	521	521	C	A37QDRAFT_scaffold_11.1287663	synonymous	-1	output	11		SNP
A	177	A		GCG	177	3		GCT	GIHMMLFK_01955	531	IS5 family transposase ISNoc2	>		GIHMMLFK_01955			GIHMMLFK_01955		GIHMMLFK_01955		snp_synonymous		G		554	554	554	T	A37QDRAFT_scaffold_11.1287663	synonymous	-1	output	11		SNP
R	4	?		CGA	4	2		CNA	GIHMMLFK_02037	11	hypothetical protein	<		GIHMMLFK_02037			GIHMMLFK_02037		GIHMMLFK_02037		snp_nonsynonymous		C		295	295	295	N	A37QDRAFT_scaffold_12.1382347	nonsynonymous	-1	output	11		SNP
G	58	G		GGC	58	3		GGA	GIHMMLFK_02360	174	hypothetical protein	<		GIHMMLFK_02360			GIHMMLFK_02360		GIHMMLFK_02360		snp_synonymous		G		56117	56117	56117	T	A37QDRAFT_scaffold_15.1656293	synonymous	-1	output	11		SNP
V	45	V		GTG	45	3		GTA	GIHMMLFK_02360	135	hypothetical protein	<		GIHMMLFK_02360			GIHMMLFK_02360		GIHMMLFK_02360		snp_synonymous		C		56156	56156	56156	T	A37QDRAFT_scaffold_15.1656293	synonymous	-1	output	11		SNP
V	44	V		GTT	44	3		GTA	GIHMMLFK_02360	132	hypothetical protein	<		GIHMMLFK_02360			GIHMMLFK_02360		GIHMMLFK_02360		snp_synonymous		A		56159	56159	56159	T	A37QDRAFT_scaffold_15.1656293	synonymous	-1	output	11		SNP
L	175	?		CTT	175	3		CTN	GIHMMLFK_00559	525	hypothetical protein	<		GIHMMLFK_00559			GIHMMLFK_00559		GIHMMLFK_00559		snp_nonsynonymous		A		24780	24780	24780	N	A37QDRAFT_scaffold_2.3252644	nonsynonymous	-1	output	11		SNP
D	419	?		GAT	419	1		NAT	GIHMMLFK_02652	1255	hypothetical protein	>		GIHMMLFK_02652			GIHMMLFK_02652		GIHMMLFK_02652		snp_nonsynonymous		G		1361	1361	1361	N	A37QDRAFT_scaffold_25.2623266	nonsynonymous	-1	output	11		SNP
D	435	D		GAC	435	3		GAT	GIHMMLFK_02652	1305	hypothetical protein	>		GIHMMLFK_02652			GIHMMLFK_02652		GIHMMLFK_02652		snp_synonymous		C		1411	1411	1411	T	A37QDRAFT_scaffold_25.2623266	synonymous	-1	output	11		SNP
D	437	D		GAT	437	3		GAC	GIHMMLFK_02652	1311	hypothetical protein	>		GIHMMLFK_02652			GIHMMLFK_02652		GIHMMLFK_02652		snp_synonymous		T		1417	1417	1417	C	A37QDRAFT_scaffold_25.2623266	synonymous	-1	output	11		SNP
K	442	K		AAG	442	3		AAA	GIHMMLFK_02652	1326	hypothetical protein	>		GIHMMLFK_02652			GIHMMLFK_02652		GIHMMLFK_02652		snp_synonymous		G		1432	1432	1432	A	A37QDRAFT_scaffold_25.2623266	synonymous	-1	output	11		SNP
V	444	V		GTG	444	3		GTA	GIHMMLFK_02652	1332	hypothetical protein	>		GIHMMLFK_02652			GIHMMLFK_02652		GIHMMLFK_02652		snp_synonymous		G		1438	1438	1438	A	A37QDRAFT_scaffold_25.2623266	synonymous	-1	output	11		SNP
T	446	A		ACT	446	1		GCT	GIHMMLFK_02652	1336	hypothetical protein	>		GIHMMLFK_02652			GIHMMLFK_02652		GIHMMLFK_02652		snp_nonsynonymous		A		1442	1442	1442	G	A37QDRAFT_scaffold_25.2623266	nonsynonymous	-1	output	11		SNP
									GIHMMLFK_02709/–	intergenic (-327/–)	hypothetical protein/–	</–				1	GIHMMLFK_02709/–				large_insertion		GACCTTGTTTGTACCCAGTTTGCTCTCAGTTTGTACCTTGTTTGTACCCAGTTTGCTCTCAGTTTGTACCTTGTTTGTACCCAGTTTGCTCTCAGTTTGTACCTTGTTTGTACCCAGTTTGCTCTCAGTTTG		20095	20095	20095	G	A37QDRAFT_scaffold_27.2820099		-1	output			INS
P	100	P		CCA	100	3		CCG	GIHMMLFK_00935	300	L-gulono-1,4-lactone dehydrogenase	>		GIHMMLFK_00935			GIHMMLFK_00935		GIHMMLFK_00935		snp_synonymous		A		187846	187846	187846	G	A37QDRAFT_scaffold_3.4207228	synonymous	-1	output	11		SNP
L	301	?		CTT	301	1		NTT	oppA_1	901	Periplasmic oligopeptide-binding protein	>		oppA_1			GIHMMLFK_00936		GIHMMLFK_00936		snp_nonsynonymous		C		189975	189975	189975	N	A37QDRAFT_scaffold_3.4207228	nonsynonymous	-1	output	11		SNP
S	125	N		AGC	125	2		AAC	bcr_3	374	Bicyclomycin resistance protein	<		bcr_3			GIHMMLFK_01423		GIHMMLFK_01423		snp_nonsynonymous		C		99485	99485	99485	T	A37QDRAFT_scaffold_6.7175206	nonsynonymous	-1	output	11		SNP
