aa_new_seq	aa_position	aa_ref_seq	clone	codon_new_seq	codon_number	codon_position	codon_position_is_indeterminate	codon_ref_seq	gene_name	gene_position	gene_product	gene_strand	genes_inactivated	genes_overlapping	genes_promoter	locus_tag	locus_tags_inactivated	locus_tags_overlapping	locus_tags_promoter	mutation_category	mutator_status	new_seq	population	position	position_end	position_start	ref_seq	repeat_length	repeat_new_copies	repeat_ref_copies	repeat_seq	seq_id	size	snp_type	time	title	transl_table	treatment	type
									GHNKPGAE_00268/GHNKPGAE_00269	intergenic (-109/+482)	hypothetical protein/hypothetical protein	</<			GHNKPGAE_00268	GHNKPGAE_00268/GHNKPGAE_00269			GHNKPGAE_00268	snp_intergenic		C		298764	298764	298764	T					2687454166.26874541664652873		intergenic	-1	output			SNP
									GHNKPGAE_00268/GHNKPGAE_00269	intergenic (-118/+473)	hypothetical protein/hypothetical protein	</<			GHNKPGAE_00268	GHNKPGAE_00268/GHNKPGAE_00269			GHNKPGAE_00268	snp_intergenic		A		298773	298773	298773	G					2687454166.26874541664652873		intergenic	-1	output			SNP
									ubiG_1/nrdA	intergenic (+96/-453)	Ubiquinone biosynthesis O-methyltransferase/Ribonucleoside-diphosphate reductase 1 subunit alpha	>/>			nrdA	GHNKPGAE_02162/GHNKPGAE_02163			GHNKPGAE_02163	small_indel		GA		2467876	2467877	2467876	CT					2687454166.26874541664652873	2		-1	output			SUB
									ubiG_1/nrdA	intergenic (+106/-444)	Ubiquinone biosynthesis O-methyltransferase/Ribonucleoside-diphosphate reductase 1 subunit alpha	>/>			nrdA	GHNKPGAE_02162/GHNKPGAE_02163			GHNKPGAE_02163	snp_intergenic		T		2467886	2467886	2467886	C					2687454166.26874541664652873		intergenic	-1	output			SNP
									ubiG_1/nrdA	intergenic (+109/-441)	Ubiquinone biosynthesis O-methyltransferase/Ribonucleoside-diphosphate reductase 1 subunit alpha	>/>			nrdA	GHNKPGAE_02162/GHNKPGAE_02163			GHNKPGAE_02163	snp_intergenic		A		2467889	2467889	2467889	T					2687454166.26874541664652873		intergenic	-1	output			SNP
									ubiG_1/nrdA	intergenic (+112/-438)	Ubiquinone biosynthesis O-methyltransferase/Ribonucleoside-diphosphate reductase 1 subunit alpha	>/>			nrdA	GHNKPGAE_02162/GHNKPGAE_02163			GHNKPGAE_02163	snp_intergenic		A		2467892	2467892	2467892	G					2687454166.26874541664652873		intergenic	-1	output			SNP
									ubiG_1/nrdA	intergenic (+121/-429)	Ubiquinone biosynthesis O-methyltransferase/Ribonucleoside-diphosphate reductase 1 subunit alpha	>/>			nrdA	GHNKPGAE_02162/GHNKPGAE_02163			GHNKPGAE_02163	snp_intergenic		A		2467901	2467901	2467901	T					2687454166.26874541664652873		intergenic	-1	output			SNP
									ubiG_1/nrdA	intergenic (+125/-425)	Ubiquinone biosynthesis O-methyltransferase/Ribonucleoside-diphosphate reductase 1 subunit alpha	>/>			nrdA	GHNKPGAE_02162/GHNKPGAE_02163			GHNKPGAE_02163	snp_intergenic		A		2467905	2467905	2467905	G					2687454166.26874541664652873		intergenic	-1	output			SNP
									ubiG_1/nrdA	intergenic (+127/-422)	Ubiquinone biosynthesis O-methyltransferase/Ribonucleoside-diphosphate reductase 1 subunit alpha	>/>			nrdA	GHNKPGAE_02162/GHNKPGAE_02163			GHNKPGAE_02163	small_indel		AT		2467907	2467908	2467907	GC					2687454166.26874541664652873	2		-1	output			SUB
									ubiG_1/nrdA	intergenic (+143/-407)	Ubiquinone biosynthesis O-methyltransferase/Ribonucleoside-diphosphate reductase 1 subunit alpha	>/>			nrdA	GHNKPGAE_02162/GHNKPGAE_02163			GHNKPGAE_02163	snp_intergenic		G		2467923	2467923	2467923	T					2687454166.26874541664652873		intergenic	-1	output			SNP
									ubiG_1/nrdA	intergenic (+152/-398)	Ubiquinone biosynthesis O-methyltransferase/Ribonucleoside-diphosphate reductase 1 subunit alpha	>/>			nrdA	GHNKPGAE_02162/GHNKPGAE_02163			GHNKPGAE_02163	snp_intergenic		A		2467932	2467932	2467932	T					2687454166.26874541664652873		intergenic	-1	output			SNP
									ubiG_1/nrdA	intergenic (+187/-363)	Ubiquinone biosynthesis O-methyltransferase/Ribonucleoside-diphosphate reductase 1 subunit alpha	>/>			nrdA	GHNKPGAE_02162/GHNKPGAE_02163			GHNKPGAE_02163	snp_intergenic		A		2467967	2467967	2467967	T					2687454166.26874541664652873		intergenic	-1	output			SNP
									ubiG_1/nrdA	intergenic (+197/-352)	Ubiquinone biosynthesis O-methyltransferase/Ribonucleoside-diphosphate reductase 1 subunit alpha	>/>			nrdA	GHNKPGAE_02162/GHNKPGAE_02163			GHNKPGAE_02163	small_indel		TG		2467977	2467978	2467977	CA					2687454166.26874541664652873	2		-1	output			SUB
A	286	?		GCG	286	2		GNG	GHNKPGAE_03610	857	hypothetical protein	<		GHNKPGAE_03610		GHNKPGAE_03610		GHNKPGAE_03610		snp_nonsynonymous		G		4169344	4169344	4169344	N					2687454166.26874541664652873		nonsynonymous	-1	output	11		SNP
									–/GHNKPGAE_04022	intergenic (–/+2)	–/hypothetical protein	–/<				–/GHNKPGAE_04022				small_indel				34	34	34	T					2687454167.2687453488	1		-1	output			DEL
									GHNKPGAE_04022/GHNKPGAE_04023	intergenic (-317/-950)	hypothetical protein/hypothetical protein	</>				GHNKPGAE_04022/GHNKPGAE_04023				small_indel				709	710	709	TC					2687454167.2687453488	2		-1	output			DEL
S	142	?		AGC	142	3		AGN	GHNKPGAE_04025	426	hypothetical protein	>		GHNKPGAE_04025		GHNKPGAE_04025		GHNKPGAE_04025		snp_nonsynonymous		C		2718	2718	2718	N					2687454167.2687453488		nonsynonymous	-1	output	11		SNP
									GHNKPGAE_04029/GHNKPGAE_04030	intergenic (-43/+71)	hypothetical protein/hypothetical protein	</<			GHNKPGAE_04029	GHNKPGAE_04029/GHNKPGAE_04030			GHNKPGAE_04029	small_indel				5546	5546	5546	G					2687454167.2687453488	1		-1	output			DEL
									GHNKPGAE_04031	coding (463/561 nt)	hypothetical protein	<		GHNKPGAE_04031		GHNKPGAE_04031		GHNKPGAE_04031		small_indel				6272	6272	6272	A	1	5	6	A	2687454167.2687453488	1		-1	output			DEL
									GHNKPGAE_04032|GHNKPGAE_04033	coding (15/288 nt)|coding (52/93 nt)	hypothetical protein|hypothetical protein	<|<	GHNKPGAE_04032,GHNKPGAE_04033			GHNKPGAE_04032|GHNKPGAE_04033	GHNKPGAE_04032,GHNKPGAE_04033			small_indel				6997	6997	6997	C					2687454167.2687453488	1	|	-1	output			DEL
									copA_2/copA_3	intergenic (-33/+66)	Copper-exporting P-type ATPase/Copper-exporting P-type ATPase	</<			copA_2	GHNKPGAE_04035/GHNKPGAE_04036			GHNKPGAE_04035	small_indel				7991	7991	7991	C					2687454167.2687453488	1		-1	output			DEL
									copA_3	coding (1689/1758 nt)	Copper-exporting P-type ATPase	<		copA_3		GHNKPGAE_04036		GHNKPGAE_04036		small_indel				8126	8126	8126	G					2687454167.2687453488	1		-1	output			DEL
									copA_3	coding (56/1758 nt)	Copper-exporting P-type ATPase	<	copA_3			GHNKPGAE_04036	GHNKPGAE_04036			small_indel				9759	9759	9759	G					2687454167.2687453488	1		-1	output			DEL
									copA_3	coding (48-49/1758 nt)	Copper-exporting P-type ATPase	<	copA_3			GHNKPGAE_04036	GHNKPGAE_04036			small_indel				9766	9767	9766	AG					2687454167.2687453488	2		-1	output			DEL
									hypE	coding (1000/1020 nt)	Carbamoyl dehydratase HypE	<		hypE		GHNKPGAE_04038		GHNKPGAE_04038		small_indel				10422	10422	10422	C					2687454167.2687453488	1		-1	output			DEL
									GHNKPGAE_04039/hypF	intergenic (-1/+34)	hypothetical protein/Carbamoyltransferase HypF	</<			GHNKPGAE_04039	GHNKPGAE_04039/GHNKPGAE_04040			GHNKPGAE_04039	small_indel				11727	11727	11727	C					2687454167.2687453488	1		-1	output			DEL
									GHNKPGAE_04039/hypF	intergenic (-12/+23)	hypothetical protein/Carbamoyltransferase HypF	</<			GHNKPGAE_04039	GHNKPGAE_04039/GHNKPGAE_04040			GHNKPGAE_04039	small_indel				11738	11738	11738	A					2687454167.2687453488	1		-1	output			DEL
									hypF	coding (598-599/603 nt)	Carbamoyltransferase HypF	<		hypF		GHNKPGAE_04040		GHNKPGAE_04040		small_indel				11765	11766	11765	AT					2687454167.2687453488	2		-1	output			DEL
									GHNKPGAE_04041	coding (521/582 nt)	hypothetical protein	<		GHNKPGAE_04041		GHNKPGAE_04041		GHNKPGAE_04041		small_indel				12408	12408	12408	A					2687454167.2687453488	1		-1	output			DEL
									GHNKPGAE_04041/GHNKPGAE_04042	intergenic (-60/+426)	hypothetical protein/hypothetical protein	</<			GHNKPGAE_04041	GHNKPGAE_04041/GHNKPGAE_04042			GHNKPGAE_04041	small_indel				12988	12989	12988	CT					2687454167.2687453488	2		-1	output			DEL
									GHNKPGAE_04042	coding (298/321 nt)	hypothetical protein	<		GHNKPGAE_04042		GHNKPGAE_04042		GHNKPGAE_04042		small_indel				13438	13438	13438	A					2687454167.2687453488	1		-1	output			DEL
									hypB/GHNKPGAE_04045	intergenic (-89/+281)	Hydrogenase maturation factor HypB/hypothetical protein	</<			hypB	GHNKPGAE_04044/GHNKPGAE_04045			GHNKPGAE_04044	small_indel				15710	15710	15710	C					2687454167.2687453488	1		-1	output			DEL
									GHNKPGAE_04048	coding (358/384 nt)	hypothetical protein	<		GHNKPGAE_04048		GHNKPGAE_04048		GHNKPGAE_04048		small_indel				17892	17892	17892	A					2687454167.2687453488	1		-1	output			DEL
									GHNKPGAE_04048/hoxK	intergenic (-60/+40)	hypothetical protein/Uptake hydrogenase small subunit	</<			GHNKPGAE_04048	GHNKPGAE_04048/GHNKPGAE_04049			GHNKPGAE_04048	small_indel				18309	18309	18309	C					2687454167.2687453488	1		-1	output			DEL
									GHNKPGAE_04056	coding (89/783 nt)	hypothetical protein	<	GHNKPGAE_04056			GHNKPGAE_04056	GHNKPGAE_04056			small_indel				25759	25759	25759	G					2687454167.2687453488	1		-1	output			DEL
									GHNKPGAE_04061/GHNKPGAE_04062	intergenic (-428/-58)	hypothetical protein/hypothetical protein	</>				GHNKPGAE_04061/GHNKPGAE_04062				small_indel				27980	27980	27980	T					2687454167.2687453488	1		-1	output			DEL
									GHNKPGAE_04062|yvdP	coding (862/864 nt)|coding (12/1266 nt)	hypothetical protein|putative FAD-linked oxidoreductase YvdP	>|>	yvdP	GHNKPGAE_04062		GHNKPGAE_04062|GHNKPGAE_04063	GHNKPGAE_04063	GHNKPGAE_04062		small_indel				28899	28899	28899	T					2687454167.2687453488	1	|	-1	output			DEL
									GHNKPGAE_04065	coding (1099/1131 nt)	hypothetical protein	>		GHNKPGAE_04065		GHNKPGAE_04065		GHNKPGAE_04065		small_indel				31564	31564	31564	C					2687454167.2687453488	1		-1	output			DEL
									GHNKPGAE_04065/GHNKPGAE_04066	intergenic (+152/+94)	hypothetical protein/hypothetical protein	>/<			GHNKPGAE_04066	GHNKPGAE_04065/GHNKPGAE_04066			GHNKPGAE_04066	small_indel				31748	31748	31748	A	1	9	10	A	2687454167.2687453488	1		-1	output			DEL
									GHNKPGAE_04067	coding (306/309 nt)	hypothetical protein	<		GHNKPGAE_04067		GHNKPGAE_04067		GHNKPGAE_04067		small_indel				32736	32736	32736	G					2687454167.2687453488	1		-1	output			DEL
									GHNKPGAE_04067	coding (296-298/309 nt)	hypothetical protein	<		GHNKPGAE_04067		GHNKPGAE_04067		GHNKPGAE_04067		small_indel				32744	32746	32744	CTC					2687454167.2687453488	3		-1	output			DEL
									GHNKPGAE_04070	coding (191-193/396 nt)	hypothetical protein	<	GHNKPGAE_04070			GHNKPGAE_04070	GHNKPGAE_04070			small_indel				34693	34695	34693	TGT					2687454167.2687453488	3		-1	output			DEL
									cusA_3	coding (799/810 nt)	Cation efflux system protein CusA	<		cusA_3		GHNKPGAE_04073		GHNKPGAE_04073		small_indel				36934	36934	36934	A					2687454167.2687453488	1		-1	output			DEL
									cusA_4	coding (520/582 nt)	Cation efflux system protein CusA	<		cusA_4		GHNKPGAE_04074		GHNKPGAE_04074		small_indel				37763	37763	37763	A					2687454167.2687453488	1		-1	output			DEL
									GHNKPGAE_04076	coding (111/123 nt)	hypothetical protein	<		GHNKPGAE_04076		GHNKPGAE_04076		GHNKPGAE_04076		small_indel				38712	38712	38712	T					2687454167.2687453488	1		-1	output			DEL
									GHNKPGAE_04076/cusB	intergenic (-25/+47)	hypothetical protein/Cation efflux system protein CusB	</<			GHNKPGAE_04076	GHNKPGAE_04076/GHNKPGAE_04077			GHNKPGAE_04076	small_indel				38847	38847	38847	G					2687454167.2687453488	1		-1	output			DEL
									cusB	coding (1319/1407 nt)	Cation efflux system protein CusB	<		cusB		GHNKPGAE_04077		GHNKPGAE_04077		small_indel				38982	38982	38982	C					2687454167.2687453488	1		-1	output			DEL
									GHNKPGAE_04079	coding (481/498 nt)	hypothetical protein	<		GHNKPGAE_04079		GHNKPGAE_04079		GHNKPGAE_04079		small_indel				41691	41691	41691	G					2687454167.2687453488	1		-1	output			DEL
									cusR	coding (243/255 nt)	Transcriptional regulatory protein CusR	>		cusR		GHNKPGAE_04081		GHNKPGAE_04081		small_indel				43161	43161	43161	G					2687454167.2687453488	1		-1	output			DEL
									cusS_1	coding (825/846 nt)	Sensor histidine kinase CusS	>		cusS_1		GHNKPGAE_04083		GHNKPGAE_04083		small_indel				44411	44411	44411	A					2687454167.2687453488	1		-1	output			DEL
									cusS_2/GHNKPGAE_04085	intergenic (+563/+186)	Sensor histidine kinase CusS/hypothetical protein	>/<			GHNKPGAE_04085	GHNKPGAE_04084/GHNKPGAE_04085			GHNKPGAE_04085	small_indel				45557	45557	45557	C					2687454167.2687453488	1		-1	output			DEL
									GHNKPGAE_04087	coding (908-909/945 nt)	hypothetical protein	<		GHNKPGAE_04087		GHNKPGAE_04087		GHNKPGAE_04087		small_indel				47178	47179	47178	GA					2687454167.2687453488	2		-1	output			DEL
									GHNKPGAE_04090	coding (219/255 nt)	hypothetical protein	>		GHNKPGAE_04090		GHNKPGAE_04090		GHNKPGAE_04090		small_indel				50467	50467	50467	A	1	9	10	A	2687454167.2687453488	1		-1	output			DEL
									GHNKPGAE_04091/GHNKPGAE_04092	intergenic (+139/-282)	hypothetical protein/hypothetical protein	>/>			GHNKPGAE_04092	GHNKPGAE_04091/GHNKPGAE_04092			GHNKPGAE_04092	small_indel				51508	51508	51508	T					2687454167.2687453488	1		-1	output			DEL
									GHNKPGAE_04092/GHNKPGAE_04093	intergenic (+230/-22)	hypothetical protein/hypothetical protein	>/>			GHNKPGAE_04093	GHNKPGAE_04092/GHNKPGAE_04093			GHNKPGAE_04093	small_indel				52271	52271	52271	T					2687454167.2687453488	1		-1	output			DEL
									GHNKPGAE_04095	coding (35/432 nt)	hypothetical protein	<	GHNKPGAE_04095			GHNKPGAE_04095	GHNKPGAE_04095			small_indel				54793	54793	54793	C					2687454167.2687453488	1		-1	output			DEL
									GHNKPGAE_04096	coding (381/498 nt)	hypothetical protein	<	GHNKPGAE_04096			GHNKPGAE_04096	GHNKPGAE_04096			small_indel				54941	54941	54941	C					2687454167.2687453488	1		-1	output			DEL
									GHNKPGAE_04097|GHNKPGAE_04098	coding (1052-1053/1053 nt)|coding (3-4/420 nt)	hypothetical protein|hypothetical protein	>|>	GHNKPGAE_04098	GHNKPGAE_04097		GHNKPGAE_04097|GHNKPGAE_04098	GHNKPGAE_04098	GHNKPGAE_04097		small_indel				56908	56909	56908	GA					2687454167.2687453488	2	|	-1	output			DEL
									GHNKPGAE_04098/GHNKPGAE_04099	intergenic (+140/-247)	hypothetical protein/hypothetical protein	>/>			GHNKPGAE_04099	GHNKPGAE_04098/GHNKPGAE_04099			GHNKPGAE_04099	small_indel				57465	57465	57465	C					2687454167.2687453488	1		-1	output			DEL
									GHNKPGAE_04108	coding (15/147 nt)	hypothetical protein	>	GHNKPGAE_04108			GHNKPGAE_04108	GHNKPGAE_04108			small_indel				62471	62471	62471	T					2687454167.2687453488	1		-1	output			DEL
									GHNKPGAE_04111	coding (4/219 nt)	hypothetical protein	>	GHNKPGAE_04111			GHNKPGAE_04111	GHNKPGAE_04111			small_indel				63607	63607	63607	T					2687454167.2687453488	1		-1	output			DEL
									GHNKPGAE_04112	coding (258/348 nt)	hypothetical protein	<	GHNKPGAE_04112			GHNKPGAE_04112	GHNKPGAE_04112			small_indel				64273	64273	64273	G					2687454167.2687453488	1		-1	output			DEL
									GHNKPGAE_04113|GHNKPGAE_04114	coding (6/663 nt)|coding (478/489 nt)	hypothetical protein|hypothetical protein	<|<	GHNKPGAE_04113	GHNKPGAE_04114		GHNKPGAE_04113|GHNKPGAE_04114	GHNKPGAE_04113	GHNKPGAE_04114		small_indel				65187	65187	65187	A					2687454167.2687453488	1	|	-1	output			DEL
									GHNKPGAE_04115	coding (564-565/579 nt)	hypothetical protein	<		GHNKPGAE_04115		GHNKPGAE_04115		GHNKPGAE_04115		small_indel				65878	65879	65878	GG					2687454167.2687453488	2		-1	output			DEL
									GHNKPGAE_04117	coding (873/882 nt)	Tn3 family transposase IS3000	<		GHNKPGAE_04117		GHNKPGAE_04117		GHNKPGAE_04117		small_indel				68008	68008	68008	C					2687454167.2687453488	1		-1	output			DEL
									GHNKPGAE_04117	coding (863-865/882 nt)	Tn3 family transposase IS3000	<		GHNKPGAE_04117		GHNKPGAE_04117		GHNKPGAE_04117		small_indel				68016	68018	68016	CTT					2687454167.2687453488	3		-1	output			DEL
									GHNKPGAE_04117|GHNKPGAE_04118	coding (23/882 nt)|coding (1926/1941 nt)	Tn3 family transposase IS3000|Tn3 family transposase ISKox2	<|<	GHNKPGAE_04117	GHNKPGAE_04118		GHNKPGAE_04117|GHNKPGAE_04118	GHNKPGAE_04117	GHNKPGAE_04118		small_indel				68858	68858	68858	T					2687454167.2687453488	1	|	-1	output			DEL
									tnpR_2/GHNKPGAE_04122	intergenic (+7/-21)	Transposon gamma-delta resolvase/hypothetical protein	>/>			GHNKPGAE_04122	GHNKPGAE_04121/GHNKPGAE_04122			GHNKPGAE_04122	small_indel				72267	72267	72267	G					2687454167.2687453488	1		-1	output			DEL
									GHNKPGAE_04124/GHNKPGAE_04125	intergenic (+54/+182)	hypothetical protein/hypothetical protein	>/<			GHNKPGAE_04125	GHNKPGAE_04124/GHNKPGAE_04125			GHNKPGAE_04125	small_indel				75188	75188	75188	C					2687454167.2687453488	1		-1	output			DEL
									GHNKPGAE_04124/GHNKPGAE_04125	intergenic (+70/+164)	hypothetical protein/hypothetical protein	>/<			GHNKPGAE_04125	GHNKPGAE_04124/GHNKPGAE_04125			GHNKPGAE_04125	small_indel				75204	75206	75204	CAA					2687454167.2687453488	3		-1	output			DEL
									GHNKPGAE_04125/hipA	intergenic (-36/+51)	hypothetical protein/Serine/threonine-protein kinase toxin HipA	</<			GHNKPGAE_04125	GHNKPGAE_04125/GHNKPGAE_04126			GHNKPGAE_04125	small_indel				75648	75648	75648	A					2687454167.2687453488	1		-1	output			DEL
									hipA	coding (649/684 nt)	Serine/threonine-protein kinase toxin HipA	<		hipA		GHNKPGAE_04126		GHNKPGAE_04126		small_indel				75734	75734	75734	T					2687454167.2687453488	1		-1	output			DEL
									GHNKPGAE_04127	coding (214-215/240 nt)	hypothetical protein	<		GHNKPGAE_04127		GHNKPGAE_04127		GHNKPGAE_04127		small_indel				76443	76444	76443	AT					2687454167.2687453488	2		-1	output			DEL
									GHNKPGAE_04128/GHNKPGAE_04129	intergenic (-398/-65)	hypothetical protein/hypothetical protein	</>				GHNKPGAE_04128/GHNKPGAE_04129				small_indel				77432	77432	77432	G					2687454167.2687453488	1		-1	output			DEL
									GHNKPGAE_04129/GHNKPGAE_04130	intergenic (+1606/+501)	hypothetical protein/IS5 family transposase ISSod6	>/<			GHNKPGAE_04130	GHNKPGAE_04129/GHNKPGAE_04130			GHNKPGAE_04130	small_indel				79438	79438	79438	C					2687454167.2687453488	1		-1	output			DEL
									GHNKPGAE_04130	coding (453/651 nt)	IS5 family transposase ISSod6	<	GHNKPGAE_04130			GHNKPGAE_04130	GHNKPGAE_04130			small_indel				80137	80137	80137	T					2687454167.2687453488	1		-1	output			DEL
									GHNKPGAE_04130	coding (440/651 nt)	IS5 family transposase ISSod6	<	GHNKPGAE_04130			GHNKPGAE_04130	GHNKPGAE_04130			small_indel				80150	80150	80150	G					2687454167.2687453488	1		-1	output			DEL
									GHNKPGAE_04130	coding (416/651 nt)	IS5 family transposase ISSod6	<	GHNKPGAE_04130			GHNKPGAE_04130	GHNKPGAE_04130			small_indel				80174	80174	80174	T					2687454167.2687453488	1		-1	output			DEL
									GHNKPGAE_04130/GHNKPGAE_04131	intergenic (-670/-20)	IS5 family transposase ISSod6/hypothetical protein	</>				GHNKPGAE_04130/GHNKPGAE_04131				small_indel				81259	81260	81259	CT					2687454167.2687453488	2		-1	output			DEL
									GHNKPGAE_04133	coding (826-828/867 nt)	hypothetical protein	>		GHNKPGAE_04133		GHNKPGAE_04133		GHNKPGAE_04133		small_indel				84924	84926	84924	GCT					2687454167.2687453488	3		-1	output			DEL
									GHNKPGAE_04133	coding (867/867 nt)	hypothetical protein	>		GHNKPGAE_04133		GHNKPGAE_04133		GHNKPGAE_04133		small_indel				84965	84965	84965	A					2687454167.2687453488	1		-1	output			DEL
									GHNKPGAE_04134/GHNKPGAE_04135	intergenic (-135/-696)	hypothetical protein/hypothetical protein	</>			GHNKPGAE_04134	GHNKPGAE_04134/GHNKPGAE_04135			GHNKPGAE_04134	small_indel				85811	85811	85811	T	1	10	11	T	2687454167.2687453488	1		-1	output			DEL
									GHNKPGAE_04137	coding (1094/1128 nt)	hypothetical protein	<		GHNKPGAE_04137		GHNKPGAE_04137		GHNKPGAE_04137		small_indel				88709	88709	88709	G					2687454167.2687453488	1		-1	output			DEL
									GHNKPGAE_04137	coding (1064/1128 nt)	hypothetical protein	<		GHNKPGAE_04137		GHNKPGAE_04137		GHNKPGAE_04137		small_indel				88739	88739	88739	T					2687454167.2687453488	1		-1	output			DEL
									GHNKPGAE_04139	coding (142/177 nt)	hypothetical protein	>		GHNKPGAE_04139		GHNKPGAE_04139		GHNKPGAE_04139		small_indel				90885	90885	90885	A					2687454167.2687453488	1		-1	output			DEL
									GHNKPGAE_04146	coding (302/306 nt)	IS66 family transposase ISVsa2	<		GHNKPGAE_04146		GHNKPGAE_04146		GHNKPGAE_04146		small_indel				93883	93883	93883	A					2687454167.2687453488	1		-1	output			DEL
									GHNKPGAE_04147	coding (380/396 nt)	IS66 family transposase ISShes9	<		GHNKPGAE_04147		GHNKPGAE_04147		GHNKPGAE_04147		small_indel				94193	94193	94193	A					2687454167.2687453488	1		-1	output			DEL
									GHNKPGAE_04148	coding (375/390 nt)	hypothetical protein	<		GHNKPGAE_04148		GHNKPGAE_04148		GHNKPGAE_04148		small_indel				94720	94720	94720	C					2687454167.2687453488	1		-1	output			DEL
									GHNKPGAE_04148	coding (22/390 nt)	hypothetical protein	<	GHNKPGAE_04148			GHNKPGAE_04148	GHNKPGAE_04148			small_indel				95073	95073	95073	C					2687454167.2687453488	1		-1	output			DEL
									GHNKPGAE_04148	coding (11/390 nt)	hypothetical protein	<	GHNKPGAE_04148			GHNKPGAE_04148	GHNKPGAE_04148			small_indel				95084	95084	95084	C					2687454167.2687453488	1		-1	output			DEL
									GHNKPGAE_04149	coding (233/240 nt)	hypothetical protein	<		GHNKPGAE_04149		GHNKPGAE_04149		GHNKPGAE_04149		small_indel				95098	95098	95098	G					2687454167.2687453488	1		-1	output			DEL
									GHNKPGAE_04149	coding (224/240 nt)	hypothetical protein	<		GHNKPGAE_04149		GHNKPGAE_04149		GHNKPGAE_04149		small_indel				95107	95107	95107	G					2687454167.2687453488	1		-1	output			DEL
									GHNKPGAE_04149	coding (195-196/240 nt)	hypothetical protein	<		GHNKPGAE_04149		GHNKPGAE_04149		GHNKPGAE_04149		small_indel				95135	95136	95135	TA					2687454167.2687453488	2		-1	output			DEL
									GHNKPGAE_04154/GHNKPGAE_04155	intergenic (+7/-22)	hypothetical protein/hypothetical protein	>/>			GHNKPGAE_04155	GHNKPGAE_04154/GHNKPGAE_04155			GHNKPGAE_04155	small_indel				98403	98403	98403	C					2687454167.2687453488	1		-1	output			DEL
									GHNKPGAE_04155	coding (304/309 nt)	hypothetical protein	>		GHNKPGAE_04155		GHNKPGAE_04155		GHNKPGAE_04155		small_indel				98728	98728	98728	A					2687454167.2687453488	1		-1	output			DEL
									GHNKPGAE_04156	coding (252-253/261 nt)	hypothetical protein	>		GHNKPGAE_04156		GHNKPGAE_04156		GHNKPGAE_04156		small_indel				99406	99407	99406	AT					2687454167.2687453488	2		-1	output			DEL
									GHNKPGAE_04158/zntR_2	intergenic (+255/-12)	hypothetical protein/HTH-type transcriptional regulator ZntR	>/>			zntR_2	GHNKPGAE_04158/GHNKPGAE_04159			GHNKPGAE_04159	small_indel				100777	100779	100777	AGA					2687454167.2687453488	3		-1	output			DEL
									GHNKPGAE_04160	coding (247-248/285 nt)	hypothetical protein	>		GHNKPGAE_04160		GHNKPGAE_04160		GHNKPGAE_04160		small_indel				101547	101548	101547	GG					2687454167.2687453488	2		-1	output			DEL
									copA_4	coding (1678/1680 nt)	Copper-exporting P-type ATPase	>		copA_4		GHNKPGAE_04161		GHNKPGAE_04161		small_indel				103262	103262	103262	T					2687454167.2687453488	1		-1	output			DEL
									copA_5	coding (8/231 nt)	Copper-exporting P-type ATPase	>	copA_5			GHNKPGAE_04162	GHNKPGAE_04162			small_indel				103274	103274	103274	C					2687454167.2687453488	1		-1	output			DEL
									copA_5	coding (166/231 nt)	Copper-exporting P-type ATPase	>	copA_5			GHNKPGAE_04162	GHNKPGAE_04162			small_indel				103432	103432	103432	T					2687454167.2687453488	1		-1	output			DEL
									copA_5	coding (194/231 nt)	Copper-exporting P-type ATPase	>		copA_5		GHNKPGAE_04162		GHNKPGAE_04162		small_indel				103460	103460	103460	C					2687454167.2687453488	1		-1	output			DEL
									GHNKPGAE_04163	coding (255/258 nt)	hypothetical protein	>		GHNKPGAE_04163		GHNKPGAE_04163		GHNKPGAE_04163		small_indel				103816	103816	103816	C					2687454167.2687453488	1		-1	output			DEL
									GHNKPGAE_04167	coding (111/114 nt)	hypothetical protein	>		GHNKPGAE_04167		GHNKPGAE_04167		GHNKPGAE_04167		small_indel				105442	105442	105442	C					2687454167.2687453488	1		-1	output			DEL
									GHNKPGAE_04167/GHNKPGAE_04168	intergenic (+95/-822)	hypothetical protein/hypothetical protein	>/>			GHNKPGAE_04168	GHNKPGAE_04167/GHNKPGAE_04168			GHNKPGAE_04168	small_indel				105540	105540	105540	T					2687454167.2687453488	1		-1	output			DEL
									GHNKPGAE_04167/GHNKPGAE_04168	intergenic (+374/-543)	hypothetical protein/hypothetical protein	>/>			GHNKPGAE_04168	GHNKPGAE_04167/GHNKPGAE_04168			GHNKPGAE_04168	small_indel				105819	105819	105819	T					2687454167.2687453488	1		-1	output			DEL
									GHNKPGAE_04167/GHNKPGAE_04168	intergenic (+504/-413)	hypothetical protein/hypothetical protein	>/>			GHNKPGAE_04168	GHNKPGAE_04167/GHNKPGAE_04168			GHNKPGAE_04168	small_indel				105949	105949	105949	A					2687454167.2687453488	1		-1	output			DEL
									GHNKPGAE_04167/GHNKPGAE_04168	intergenic (+541/-376)	hypothetical protein/hypothetical protein	>/>			GHNKPGAE_04168	GHNKPGAE_04167/GHNKPGAE_04168			GHNKPGAE_04168	small_indel				105986	105986	105986	C					2687454167.2687453488	1		-1	output			DEL
									ybaT	coding (7/1245 nt)	Inner membrane transport protein YbaT	<	ybaT			GHNKPGAE_04169	GHNKPGAE_04169			small_indel				107911	107911	107911	A					2687454167.2687453488	1		-1	output			DEL
									GHNKPGAE_04172	coding (307/393 nt)	hypothetical protein	<	GHNKPGAE_04172			GHNKPGAE_04172	GHNKPGAE_04172			small_indel				110422	110422	110422	C					2687454167.2687453488	1		-1	output			DEL
									GHNKPGAE_04173	coding (342/402 nt)	hypothetical protein	<		GHNKPGAE_04173		GHNKPGAE_04173		GHNKPGAE_04173		small_indel				110861	110861	110861	C					2687454167.2687453488	1		-1	output			DEL
									GHNKPGAE_04173	coding (210-211/402 nt)	hypothetical protein	<	GHNKPGAE_04173			GHNKPGAE_04173	GHNKPGAE_04173			small_indel				110992	110993	110992	AT					2687454167.2687453488	2		-1	output			DEL
									GHNKPGAE_04173	coding (203/402 nt)	hypothetical protein	<	GHNKPGAE_04173			GHNKPGAE_04173	GHNKPGAE_04173			small_indel				111000	111000	111000	A					2687454167.2687453488	1		-1	output			DEL
									GHNKPGAE_04173/GHNKPGAE_04174	intergenic (-213/+217)	hypothetical protein/hypothetical protein	</<				GHNKPGAE_04173/GHNKPGAE_04174				small_indel				111415	111415	111415	C					2687454167.2687453488	1		-1	output			DEL
									GHNKPGAE_04173/GHNKPGAE_04174	intergenic (-354/+76)	hypothetical protein/hypothetical protein	</<				GHNKPGAE_04173/GHNKPGAE_04174				small_indel				111556	111556	111556	A					2687454167.2687453488	1		-1	output			DEL
									GHNKPGAE_04174	coding (430/501 nt)	hypothetical protein	<		GHNKPGAE_04174		GHNKPGAE_04174		GHNKPGAE_04174		small_indel				111703	111703	111703	G					2687454167.2687453488	1		-1	output			DEL
									GHNKPGAE_04176	coding (373-375/399 nt)	hypothetical protein	>		GHNKPGAE_04176		GHNKPGAE_04176		GHNKPGAE_04176		small_indel				113149	113151	113149	AGA					2687454167.2687453488	3		-1	output			DEL
									merR1/GHNKPGAE_04180	intergenic (-119/+240)	Mercuric resistance operon regulatory protein/hypothetical protein	</<			merR1	GHNKPGAE_04179/GHNKPGAE_04180			GHNKPGAE_04179	small_indel				115938	115938	115938	A					2687454167.2687453488	1		-1	output			DEL
									merR1/GHNKPGAE_04180	intergenic (-163/+196)	Mercuric resistance operon regulatory protein/hypothetical protein	</<				GHNKPGAE_04179/GHNKPGAE_04180				small_indel				115982	115982	115982	G					2687454167.2687453488	1		-1	output			DEL
									merR1/GHNKPGAE_04180	intergenic (-166/+193)	Mercuric resistance operon regulatory protein/hypothetical protein	</<				GHNKPGAE_04179/GHNKPGAE_04180				small_indel				115985	115985	115985	T					2687454167.2687453488	1		-1	output			DEL
									GHNKPGAE_04185/zitB_2	intergenic (-245/-36)	hypothetical protein/Zinc transporter ZitB	</>				GHNKPGAE_04185/GHNKPGAE_04186				small_indel				118619	118620	118619	AT					2687454167.2687453488	2		-1	output			DEL
									GHNKPGAE_04188	coding (1269-1270/1272 nt)	hypothetical protein	>		GHNKPGAE_04188		GHNKPGAE_04188		GHNKPGAE_04188		small_indel				120843	120844	120843	CT					2687454167.2687453488	2		-1	output			DEL
									GHNKPGAE_04189|GHNKPGAE_04190	coding (622/642 nt)|coding (18/333 nt)	hypothetical protein|hypothetical protein	>|>	GHNKPGAE_04190	GHNKPGAE_04189		GHNKPGAE_04189|GHNKPGAE_04190	GHNKPGAE_04190	GHNKPGAE_04189		small_indel				121532	121532	121532	G					2687454167.2687453488	1	|	-1	output			DEL
									GHNKPGAE_04190/czcA_8	intergenic (+18/-44)	hypothetical protein/Cobalt-zinc-cadmium resistance protein CzcA	>/>			czcA_8	GHNKPGAE_04190/GHNKPGAE_04191			GHNKPGAE_04191	small_indel				121865	121865	121865	A					2687454167.2687453488	1		-1	output			DEL
									czcA_8	coding (2306/2310 nt)	Cobalt-zinc-cadmium resistance protein CzcA	>		czcA_8		GHNKPGAE_04191		GHNKPGAE_04191		small_indel				124214	124214	124214	C					2687454167.2687453488	1		-1	output			DEL
									czcA_9/GHNKPGAE_04193	intergenic (+123/-4)	Cobalt-zinc-cadmium resistance protein CzcA/hypothetical protein	>/>			GHNKPGAE_04193	GHNKPGAE_04192/GHNKPGAE_04193			GHNKPGAE_04193	small_indel				125143	125143	125143	T					2687454167.2687453488	1		-1	output			DEL
									GHNKPGAE_04195/GHNKPGAE_04196	intergenic (-109/+1085)	hypothetical protein/IS5 family transposase ISSod6	</<			GHNKPGAE_04195	GHNKPGAE_04195/GHNKPGAE_04196			GHNKPGAE_04195	small_indel				125883	125883	125883	T					2687454167.2687453488	1		-1	output			DEL
									GHNKPGAE_04195/GHNKPGAE_04196	intergenic (-244/+949)	hypothetical protein/IS5 family transposase ISSod6	</<				GHNKPGAE_04195/GHNKPGAE_04196				small_indel				126018	126019	126018	TC					2687454167.2687453488	2		-1	output			DEL
									GHNKPGAE_04196	coding (244/249 nt)	IS5 family transposase ISSod6	<		GHNKPGAE_04196		GHNKPGAE_04196		GHNKPGAE_04196		small_indel				126973	126973	126973	T					2687454167.2687453488	1		-1	output			DEL
									GHNKPGAE_04196	coding (240/249 nt)	IS5 family transposase ISSod6	<		GHNKPGAE_04196		GHNKPGAE_04196		GHNKPGAE_04196		small_indel				126977	126977	126977	T					2687454167.2687453488	1		-1	output			DEL
									GHNKPGAE_04196/GHNKPGAE_04197	intergenic (-49/-276)	IS5 family transposase ISSod6/hypothetical protein	</>			GHNKPGAE_04196	GHNKPGAE_04196/GHNKPGAE_04197			GHNKPGAE_04196	small_indel				127265	127265	127265	A					2687454167.2687453488	1		-1	output			DEL
									GHNKPGAE_04196/GHNKPGAE_04197	intergenic (-73/-252)	IS5 family transposase ISSod6/hypothetical protein	</>			GHNKPGAE_04196	GHNKPGAE_04196/GHNKPGAE_04197			GHNKPGAE_04196	small_indel				127289	127289	127289	G					2687454167.2687453488	1		-1	output			DEL
									merA_1|merA_2	coding (1162/1164 nt)|coding (12/492 nt)	Mercuric reductase|Mercuric reductase	>|>	merA_2	merA_1		GHNKPGAE_04202|GHNKPGAE_04203	GHNKPGAE_04203	GHNKPGAE_04202		small_indel				131246	131246	131246	T					2687454167.2687453488	1	|	-1	output			DEL
									GHNKPGAE_04204	coding (568/579 nt)	hypothetical protein	>		GHNKPGAE_04204		GHNKPGAE_04204		GHNKPGAE_04204		small_indel				133100	133100	133100	T					2687454167.2687453488	1		-1	output			DEL
									GHNKPGAE_04205	coding (2/402 nt)	hypothetical protein	>	GHNKPGAE_04205			GHNKPGAE_04205	GHNKPGAE_04205			small_indel				133128	133128	133128	T					2687454167.2687453488	1		-1	output			DEL
									GHNKPGAE_04205	coding (21/402 nt)	hypothetical protein	>	GHNKPGAE_04205			GHNKPGAE_04205	GHNKPGAE_04205			small_indel				133147	133147	133147	C					2687454167.2687453488	1		-1	output			DEL
									GHNKPGAE_04205	coding (398/402 nt)	hypothetical protein	>		GHNKPGAE_04205		GHNKPGAE_04205		GHNKPGAE_04205		small_indel				133524	133524	133524	A	1	7	8	A	2687454167.2687453488	1		-1	output			DEL
									GHNKPGAE_04206	coding (72-74/1143 nt)	hypothetical protein	>	GHNKPGAE_04206			GHNKPGAE_04206	GHNKPGAE_04206			small_indel				133758	133760	133758	CTT					2687454167.2687453488	3		-1	output			DEL
									GHNKPGAE_04206	coding (1107/1143 nt)	hypothetical protein	>		GHNKPGAE_04206		GHNKPGAE_04206		GHNKPGAE_04206		small_indel				134793	134793	134793	A	1	5	6	A	2687454167.2687453488	1		-1	output			DEL
									GHNKPGAE_04207/GHNKPGAE_04208	intergenic (-45/+119)	hypothetical protein/hypothetical protein	</<			GHNKPGAE_04207	GHNKPGAE_04207/GHNKPGAE_04208			GHNKPGAE_04207	small_indel				135599	135602	135599	ATCT					2687454167.2687453488	4		-1	output			DEL
									GHNKPGAE_04208	coding (578-580/582 nt)	hypothetical protein	<		GHNKPGAE_04208		GHNKPGAE_04208		GHNKPGAE_04208		small_indel				135723	135725	135723	AGA					2687454167.2687453488	3		-1	output			DEL
									czcD_2	coding (48/750 nt)	Cadmium, cobalt and zinc/H(+)-K(+) antiporter	<	czcD_2			GHNKPGAE_04216	GHNKPGAE_04216			small_indel				143108	143108	143108	T					2687454167.2687453488	1		-1	output			DEL
									czcD_2/czcA_10	intergenic (-175/+133)	Cadmium, cobalt and zinc/H(+)-K(+) antiporter/Cobalt-zinc-cadmium resistance protein CzcA	</<				GHNKPGAE_04216/GHNKPGAE_04217				small_indel				143330	143330	143330	C					2687454167.2687453488	1		-1	output			DEL
									czcA_10	coding (1345/1443 nt)	Cobalt-zinc-cadmium resistance protein CzcA	<		czcA_10		GHNKPGAE_04217		GHNKPGAE_04217		small_indel				143561	143561	143561	G					2687454167.2687453488	1		-1	output			DEL
									czcA_10|czcA_11	coding (13/1443 nt)|coding (521/567 nt)	Cobalt-zinc-cadmium resistance protein CzcA|Cobalt-zinc-cadmium resistance protein CzcA	<|<	czcA_10	czcA_11		GHNKPGAE_04217|GHNKPGAE_04218	GHNKPGAE_04217	GHNKPGAE_04218		small_indel				144893	144893	144893	C					2687454167.2687453488	1	|	-1	output			DEL
									czcA_11/czcA_12	intergenic (-54/+39)	Cobalt-zinc-cadmium resistance protein CzcA/Cobalt-zinc-cadmium resistance protein CzcA	</<			czcA_11	GHNKPGAE_04218/GHNKPGAE_04219			GHNKPGAE_04218	small_indel				145467	145467	145467	T					2687454167.2687453488	1		-1	output			DEL
									czcA_12	coding (926/936 nt)	Cobalt-zinc-cadmium resistance protein CzcA	<		czcA_12		GHNKPGAE_04219		GHNKPGAE_04219		small_indel				145516	145516	145516	G					2687454167.2687453488	1		-1	output			DEL
									GHNKPGAE_04221	coding (429-430/489 nt)	hypothetical protein	<		GHNKPGAE_04221		GHNKPGAE_04221		GHNKPGAE_04221		small_indel				147211	147212	147211	CT					2687454167.2687453488	2		-1	output			DEL
									czcC_2	coding (1097/1158 nt)	Cobalt-zinc-cadmium resistance protein CzcC	<		czcC_2		GHNKPGAE_04222		GHNKPGAE_04222		small_indel				147828	147828	147828	A					2687454167.2687453488	1		-1	output			DEL
