aa_new_seq,aa_position,aa_ref_seq,clone,codon_new_seq,codon_number,codon_position,codon_position_is_indeterminate,codon_ref_seq,gene_name,gene_position,gene_product,gene_strand,genes_inactivated,genes_overlapping,genes_promoter,locus_tag,locus_tags_inactivated,locus_tags_overlapping,locus_tags_promoter,mutation_category,mutator_status,new_seq,population,position,position_end,position_start,ref_seq,repeat_length,repeat_new_copies,repeat_ref_copies,repeat_seq,seq_id,size,snp_type,time,title,transl_table,treatment,type,gene_length
,,,,,,,,,–/LPGDONMM_00001,intergenic (–/-3506),–/hypothetical protein,–/>,,,,–/LPGDONMM_00001,,,,snp_intergenic,,T,,1988,1988,1988,A,,,,,LPGDONMM_1,,intergenic,-1,output,,,SNP,
,,,,,,,,,–/LPGDONMM_00001,intergenic (–/-2900),–/hypothetical protein,–/>,,,,–/LPGDONMM_00001,,,,snp_intergenic,,G,,2594,2594,2594,T,,,,,LPGDONMM_1,,intergenic,-1,output,,,SNP,
,,,,,,,,,LPGDONMM_00003/LPGDONMM_00004,intergenic (+5616/-4654),hypothetical protein/hypothetical protein,>/>,,,LPGDONMM_00004,LPGDONMM_00003/LPGDONMM_00004,,,LPGDONMM_00004,snp_intergenic,,C,,13284,13284,13284,T,,,,,LPGDONMM_1,,intergenic,-1,output,,,SNP,
P,1249.0,R,,CCA,1249.0,2.0,,CGA,rpoB,3746,DNA-directed RNA polymerase subunit beta,<,,rpoB,,LPGDONMM_00010,,LPGDONMM_00010,,snp_nonsynonymous,,G,,32759,32759,32759,C,,,,,LPGDONMM_1,,nonsynonymous,-1,output,11.0,,SNP,3813.0
S,137.0,T,,AGT,137.0,2.0,,ACT,coxM,410,Alternative cytochrome c oxidase subunit 2,<,,coxM,,LPGDONMM_00267,,LPGDONMM_00267,,snp_nonsynonymous,,C,,316918,316918,316918,G,,,,,LPGDONMM_1,,nonsynonymous,-1,output,11.0,,SNP,1080.0
,,,,,,,,,LPGDONMM_00841/dxs_1,intergenic (+26/+32),hypothetical protein/1-deoxy-D-xylulose-5-phosphate synthase,>/<,,,dxs_1,LPGDONMM_00841/LPGDONMM_00842,,,LPGDONMM_00842,snp_intergenic,,G,,947369,947369,947369,C,,,,,LPGDONMM_1,,intergenic,-1,output,,,SNP,
S,240.0,G,,AGT,240.0,1.0,,GGT,gdhA_2,718,Glutamate dehydrogenase,>,,gdhA_2,,LPGDONMM_01339,,LPGDONMM_01339,,snp_nonsynonymous,,A,,1476078,1476078,1476078,G,,,,,LPGDONMM_1,,nonsynonymous,-1,output,11.0,,SNP,1227.0
E,409.0,V,,GAG,409.0,2.0,,GTG,bepE,1226,Efflux pump membrane transporter BepE,<,,bepE,,LPGDONMM_02017,,LPGDONMM_02017,,snp_nonsynonymous,,T,,2203760,2203760,2203760,A,,,,,LPGDONMM_1,,nonsynonymous,-1,output,11.0,,SNP,3150.0
,,,,,,,,,LPGDONMM_02576/putC,intergenic (-94/-62),hypothetical protein/1-pyrroline-5-carboxylate dehydrogenase 2,</>,,,LPGDONMM_02576,LPGDONMM_02576/LPGDONMM_02577,,,LPGDONMM_02576,small_indel,,,,2797038,2797038,2797038,A,,,,,LPGDONMM_1,1.0,,-1,output,,,DEL,
,,,,,,,,,LPGDONMM_02647/LPGDONMM_02648,intergenic (+103/+88),hypothetical protein/hypothetical protein,>/<,,,LPGDONMM_02648,LPGDONMM_02647/LPGDONMM_02648,,,LPGDONMM_02648,small_indel,,,,2876595,2876605,2876595,GTTAAACCTCA,11.0,1.0,2.0,GTTAAACCTCA,LPGDONMM_1,11.0,,-1,output,,,DEL,
V,45.0,V,,GTG,45.0,3.0,,GTA,sdrD,135,Serine-aspartate repeat-containing protein D,<,,sdrD,,LPGDONMM_02725,,LPGDONMM_02725,,snp_synonymous,,C,,2952800,2952800,2952800,T,,,,,LPGDONMM_1,,synonymous,-1,output,11.0,,SNP,1137.0
G,19.0,G,,GGT,19.0,3.0,,GGC,sdrD,57,Serine-aspartate repeat-containing protein D,<,,sdrD,,LPGDONMM_02725,,LPGDONMM_02725,,snp_synonymous,,A,,2952878,2952878,2952878,G,,,,,LPGDONMM_1,,synonymous,-1,output,11.0,,SNP,1137.0
