aa_new_seq,aa_position,aa_ref_seq,clone,codon_new_seq,codon_number,codon_position,codon_position_is_indeterminate,codon_ref_seq,gene_name,gene_position,gene_product,gene_strand,genes_inactivated,genes_overlapping,genes_promoter,insert_position,locus_tag,locus_tags_inactivated,locus_tags_overlapping,locus_tags_promoter,mutation_category,mutator_status,new_seq,population,position,position_end,position_start,ref_seq,repeat_length,repeat_new_copies,repeat_ref_copies,repeat_seq,seq_id,size,snp_type,time,title,transl_table,treatment,type,gene_length
,,,,,,,,,JNDILNFP_00880/JNDILNFP_00881,intergenic (-39/+236),hypothetical protein/hypothetical protein,</<,,,JNDILNFP_00880,,JNDILNFP_00880/JNDILNFP_00881,,,JNDILNFP_00880,snp_intergenic,,A,,35628,35628,35628,G,,,,,Ga0040639_1017,,intergenic,-1,output,,,SNP,
Q,81.0,L,,CAA,81.0,2.0,,CTA,JNDILNFP_00958,242,hypothetical protein,<,,JNDILNFP_00958,,,JNDILNFP_00958,,JNDILNFP_00958,,snp_nonsynonymous,,T,,102792,102792,102792,A,,,,,Ga0040639_1017,,nonsynonymous,-1,output,11.0,,SNP,
,,,,,,,,,JNDILNFP_01361/metN,intergenic (-276/-494),hypothetical protein/Methionine import ATP-binding protein MetN,</>,,,,,JNDILNFP_01361/JNDILNFP_01362,,,,snp_intergenic,,A,,5814,5814,5814,G,,,,,Ga0040639_1025,,intergenic,-1,output,,,SNP,
,,,,,,,,,JNDILNFP_01361/metN,intergenic (-288/-482),hypothetical protein/Methionine import ATP-binding protein MetN,</>,,,,,JNDILNFP_01361/JNDILNFP_01362,,,,snp_intergenic,,G,,5826,5826,5826,A,,,,,Ga0040639_1025,,intergenic,-1,output,,,SNP,
,,,,,,,,,JNDILNFP_01361/metN,intergenic (-300/-470),hypothetical protein/Methionine import ATP-binding protein MetN,</>,,,,,JNDILNFP_01361/JNDILNFP_01362,,,,snp_intergenic,,G,,5838,5838,5838,A,,,,,Ga0040639_1025,,intergenic,-1,output,,,SNP,
,,,,,,,,,JNDILNFP_02220/pknD,intergenic (+109/-124),hypothetical protein/Serine/threonine-protein kinase PknD,>/>,,,pknD,,JNDILNFP_02220/JNDILNFP_02221,,,JNDILNFP_02221,snp_intergenic,,A,,12927,12927,12927,C,,,,,Ga0040639_1040,,intergenic,-1,output,,,SNP,
E,316.0,V,,GAG,316.0,2.0,,GTG,JNDILNFP_02258,947,hypothetical protein,>,,JNDILNFP_02258,,,JNDILNFP_02258,,JNDILNFP_02258,,snp_nonsynonymous,,A,,59277,59277,59277,T,,,,,Ga0040639_1040,,nonsynonymous,-1,output,11.0,,SNP,
V,297.0,V,,GTT,297.0,3.0,,GTC,rlmI,891,Ribosomal RNA large subunit methyltransferase I,>,,rlmI,,,JNDILNFP_02711,,JNDILNFP_02711,,snp_synonymous,,T,,55271,55271,55271,C,,,,,Ga0040639_1050,,synonymous,-1,output,11.0,,SNP,
E,39.0,K,,GAA,39.0,1.0,,AAA,JNDILNFP_03061,115,hypothetical protein,>,,JNDILNFP_03061,,,JNDILNFP_03061,,JNDILNFP_03061,,snp_nonsynonymous,,G,,44079,44079,44079,A,,,,,Ga0040639_1060,,nonsynonymous,-1,output,11.0,,SNP,
,,,,,,,,,–/JNDILNFP_03066,intergenic (–/-71),–/hypothetical protein,–/>,,,,,–/JNDILNFP_03066,,,,snp_intergenic,,C,,153,153,153,G,,,,,Ga0040639_1061,,intergenic,-1,output,,,SNP,
,,,,,,,,,–/JNDILNFP_03239,intergenic (–/-364),–/hypothetical protein,–/>,,,,,–/JNDILNFP_03239,,,,snp_intergenic,,G,,112,112,112,A,,,,,Ga0040639_1069,,intergenic,-1,output,,,SNP,
,,,,,,,,,–/luxP,intergenic (–/-608),–/Autoinducer 2-binding periplasmic protein LuxP,–/>,,,,,–/JNDILNFP_03714,,,,snp_intergenic,,C,,62,62,62,T,,,,,Ga0040639_1087,,intergenic,-1,output,,,SNP,
,,,,,,,,,JNDILNFP_03850/JNDILNFP_03851,intergenic (+570/-27),hypothetical protein/hypothetical protein,>/>,,,JNDILNFP_03851,,JNDILNFP_03850/JNDILNFP_03851,,,JNDILNFP_03851,snp_intergenic,,T,,14641,14641,14641,C,,,,,Ga0040639_1095,,intergenic,-1,output,,,SNP,
,,,,,,,,,JNDILNFP_03850/JNDILNFP_03851,intergenic (+574/-23),hypothetical protein/hypothetical protein,>/>,,,JNDILNFP_03851,,JNDILNFP_03850/JNDILNFP_03851,,,JNDILNFP_03851,snp_intergenic,,A,,14645,14645,14645,G,,,,,Ga0040639_1095,,intergenic,-1,output,,,SNP,
,,,,,,,,,cmoM_3/fimA,intergenic (+844/-188),"tRNA 5-carboxymethoxyuridine methyltransferase/Type-1 fimbrial protein, A chain",>/>,,,fimA,,JNDILNFP_03920/JNDILNFP_03921,,,JNDILNFP_03921,small_indel,,,,2543,2549,2543,GCTATAT,7.0,10.0,11.0,GCTATAT,Ga0040639_1099,7.0,,-1,output,,,DEL,
,,,,,,,,,JNDILNFP_04063/JNDILNFP_04064,intergenic (+192/+88),hypothetical protein/IS6 family transposase ISPpr9,>/<,,,JNDILNFP_04064,1.0,JNDILNFP_04063/JNDILNFP_04064,,,JNDILNFP_04064,small_indel,,A,,3595,3595,3595,A,,,,,Ga0040639_1116,,,-1,output,,,INS,
,,,,,,,,,JNDILNFP_04158/–,intergenic (+405/–),hypothetical protein/–,>/–,,,,,JNDILNFP_04158/–,,,,snp_intergenic,,A,,1863,1863,1863,G,,,,,Ga0040639_1132,,intergenic,-1,output,,,SNP,
,,,,,,,,,JNDILNFP_04158/–,intergenic (+528/–),hypothetical protein/–,>/–,,,,,JNDILNFP_04158/–,,,,snp_intergenic,,T,,1986,1986,1986,C,,,,,Ga0040639_1132,,intergenic,-1,output,,,SNP,
,,,,,,,,,JNDILNFP_04158/–,intergenic (+591/–),hypothetical protein/–,>/–,,,,,JNDILNFP_04158/–,,,,snp_intergenic,,C,,2049,2049,2049,T,,,,,Ga0040639_1132,,intergenic,-1,output,,,SNP,
,,,,,,,,,JNDILNFP_04158/–,intergenic (+647/–),hypothetical protein/–,>/–,,,,,JNDILNFP_04158/–,,,,snp_intergenic,,A,,2105,2105,2105,C,,,,,Ga0040639_1132,,intergenic,-1,output,,,SNP,
,,,,,,,,,JNDILNFP_04158/–,intergenic (+693/–),hypothetical protein/–,>/–,,,,,JNDILNFP_04158/–,,,,snp_intergenic,,A,,2151,2151,2151,G,,,,,Ga0040639_1132,,intergenic,-1,output,,,SNP,
,,,,,,,,,JNDILNFP_04158/–,intergenic (+699/–),hypothetical protein/–,>/–,,,,,JNDILNFP_04158/–,,,,snp_intergenic,,G,,2157,2157,2157,A,,,,,Ga0040639_1132,,intergenic,-1,output,,,SNP,
,,,,,,,,,JNDILNFP_04158/–,intergenic (+735/–),hypothetical protein/–,>/–,,,,,JNDILNFP_04158/–,,,,snp_intergenic,,T,,2193,2193,2193,A,,,,,Ga0040639_1132,,intergenic,-1,output,,,SNP,
,,,,,,,,,JNDILNFP_04194,coding (138/153 nt),hypothetical protein,>,,JNDILNFP_04194,,,JNDILNFP_04194,,JNDILNFP_04194,,small_indel,,,,2008,2008,2008,A,1.0,6.0,7.0,A,Ga0040639_1139,1.0,,-1,output,,,DEL,
,,,,,,,,,–/JNDILNFP_04198,intergenic (–/-1453),–/tRNA-Glu,–/>,,,,,–/JNDILNFP_04198,,,,snp_intergenic,,A,,541,541,541,G,,,,,Ga0040639_1140,,intergenic,-1,output,,,SNP,
,,,,,,,,,–/JNDILNFP_04198,intergenic (–/-1451),–/tRNA-Glu,–/>,,,,,–/JNDILNFP_04198,,,,snp_intergenic,,C,,543,543,543,T,,,,,Ga0040639_1140,,intergenic,-1,output,,,SNP,
G,27.0,E,,GGG,27.0,2.0,,GAG,JNDILNFP_04220,80,hypothetical protein,>,,JNDILNFP_04220,,,JNDILNFP_04220,,JNDILNFP_04220,,snp_nonsynonymous,,G,,94,94,94,A,,,,,Ga0040639_1147,,nonsynonymous,-1,output,11.0,,SNP,
S,38.0,S,,AGC,38.0,3.0,,AGT,JNDILNFP_04220,114,hypothetical protein,>,,JNDILNFP_04220,,,JNDILNFP_04220,,JNDILNFP_04220,,snp_synonymous,,C,,128,128,128,T,,,,,Ga0040639_1147,,synonymous,-1,output,11.0,,SNP,
T,47.0,I,,ACC,47.0,2.0,,ATC,JNDILNFP_04220,140,hypothetical protein,>,,JNDILNFP_04220,,,JNDILNFP_04220,,JNDILNFP_04220,,snp_nonsynonymous,,C,,154,154,154,T,,,,,Ga0040639_1147,,nonsynonymous,-1,output,11.0,,SNP,
A,54.0,S,,GCA,54.0,1.0,,TCA,JNDILNFP_04220,160,hypothetical protein,>,,JNDILNFP_04220,,,JNDILNFP_04220,,JNDILNFP_04220,,snp_nonsynonymous,,G,,174,174,174,T,,,,,Ga0040639_1147,,nonsynonymous,-1,output,11.0,,SNP,
N,57.0,Y,,AAT,57.0,1.0,,TAT,JNDILNFP_04220,169,hypothetical protein,>,,JNDILNFP_04220,,,JNDILNFP_04220,,JNDILNFP_04220,,snp_nonsynonymous,,A,,183,183,183,T,,,,,Ga0040639_1147,,nonsynonymous,-1,output,11.0,,SNP,
S,60.0,S,,AGC,60.0,3.0,,AGT,JNDILNFP_04220,180,hypothetical protein,>,,JNDILNFP_04220,,,JNDILNFP_04220,,JNDILNFP_04220,,snp_synonymous,,C,,194,194,194,T,,,,,Ga0040639_1147,,synonymous,-1,output,11.0,,SNP,
S,78.0,G,,AGT,78.0,1.0,,GGT,JNDILNFP_04220,232,hypothetical protein,>,,JNDILNFP_04220,,,JNDILNFP_04220,,JNDILNFP_04220,,snp_nonsynonymous,,A,,246,246,246,G,,,,,Ga0040639_1147,,nonsynonymous,-1,output,11.0,,SNP,
,,,,,,,,,JNDILNFP_04222/–,intergenic (+518/–),hypothetical protein/–,>/–,,,,,JNDILNFP_04222/–,,,,snp_intergenic,,A,,2574,2574,2574,G,,,,,Ga0040639_1147,,intergenic,-1,output,,,SNP,
,,,,,,,,,–/JNDILNFP_04229,intergenic (–/-552),–/hypothetical protein,–/>,,,,,–/JNDILNFP_04229,,,,snp_intergenic,,T,,16,16,16,C,,,,,Ga0040639_1152,,intergenic,-1,output,,,SNP,
,,,,,,,,,–/–,intergenic (–/–),–/–,–/–,,,,,–/–,,,,small_indel,,CC,,27,28,27,AT,,,,,Ga0040639_1153,2.0,,-1,output,,,SUB,
,,,,,,,,,–/–,intergenic (–/–),–/–,–/–,,,,,–/–,,,,snp_intergenic,,T,,37,37,37,C,,,,,Ga0040639_1153,,intergenic,-1,output,,,SNP,
,,,,,,,,,–/–,intergenic (–/–),–/–,–/–,,,,,–/–,,,,snp_intergenic,,T,,159,159,159,C,,,,,Ga0040639_1153,,intergenic,-1,output,,,SNP,
,,,,,,,,,–/–,intergenic (–/–),–/–,–/–,,,,,–/–,,,,snp_intergenic,,A,,207,207,207,G,,,,,Ga0040639_1153,,intergenic,-1,output,,,SNP,
,,,,,,,,,–/–,intergenic (–/–),–/–,–/–,,,,,–/–,,,,snp_intergenic,,T,,370,370,370,C,,,,,Ga0040639_1153,,intergenic,-1,output,,,SNP,
,,,,,,,,,–/–,intergenic (–/–),–/–,–/–,,,,,–/–,,,,snp_intergenic,,G,,388,388,388,A,,,,,Ga0040639_1153,,intergenic,-1,output,,,SNP,
,,,,,,,,,–/–,intergenic (–/–),–/–,–/–,,,,,–/–,,,,snp_intergenic,,G,,482,482,482,T,,,,,Ga0040639_1153,,intergenic,-1,output,,,SNP,
,,,,,,,,,–/–,intergenic (–/–),–/–,–/–,,,,,–/–,,,,snp_intergenic,,G,,484,484,484,T,,,,,Ga0040639_1153,,intergenic,-1,output,,,SNP,
,,,,,,,,,–/–,intergenic (–/–),–/–,–/–,,,,,–/–,,,,snp_intergenic,,T,,231,231,231,G,,,,,Ga0040639_1164,,intergenic,-1,output,,,SNP,
