aa_new_seq,aa_position,aa_ref_seq,clone,codon_new_seq,codon_number,codon_position,codon_position_is_indeterminate,codon_ref_seq,gene_name,gene_position,gene_product,gene_strand,genes_inactivated,genes_overlapping,genes_promoter,insert_position,locus_tag,locus_tags_inactivated,locus_tags_overlapping,locus_tags_promoter,mutation_category,mutator_status,new_seq,population,position,position_end,position_start,ref_seq,seq_id,snp_type,time,title,transl_table,treatment,type,gene_length
,,,,,,,,,GIHMMLFK_00161/GIHMMLFK_00162,intergenic (+69/-19),hypothetical protein/hypothetical protein,>/>,,,GIHMMLFK_00162,,GIHMMLFK_00161/GIHMMLFK_00162,,,GIHMMLFK_00162,snp_intergenic,,C,,159792,159792,159792,T,GIHMMLFK_1,intergenic,-1,output,,,SNP,
V,109.0,A,,GTT,109.0,2.0,,GCT,GIHMMLFK_01956,326,hypothetical protein,<,,GIHMMLFK_01956,,,GIHMMLFK_01956,,GIHMMLFK_01956,,snp_nonsynonymous,,A,,98031,98031,98031,G,GIHMMLFK_11,nonsynonymous,-1,output,11.0,,SNP,978.0
G,71.0,?,,GGC,71.0,3.0,,GGN,GIHMMLFK_01958,213,IS5 family transposase ISNoc2,>,,GIHMMLFK_01958,,,GIHMMLFK_01958,,GIHMMLFK_01958,,snp_nonsynonymous,,C,,236,236,236,N,GIHMMLFK_12,nonsynonymous,-1,output,11.0,,SNP,582.0
S,78.0,S,,TCG,78.0,3.0,,TCA,GIHMMLFK_01958,234,IS5 family transposase ISNoc2,>,,GIHMMLFK_01958,,,GIHMMLFK_01958,,GIHMMLFK_01958,,snp_synonymous,,G,,257,257,257,A,GIHMMLFK_12,synonymous,-1,output,11.0,,SNP,582.0
K,90.0,E,,AAG,90.0,1.0,,GAG,GIHMMLFK_01958,268,IS5 family transposase ISNoc2,>,,GIHMMLFK_01958,,,GIHMMLFK_01958,,GIHMMLFK_01958,,snp_nonsynonymous,,A,,291,291,291,G,GIHMMLFK_12,nonsynonymous,-1,output,11.0,,SNP,582.0
V,121.0,V,,GTC,121.0,3.0,,GTT,GIHMMLFK_01958,363,IS5 family transposase ISNoc2,>,,GIHMMLFK_01958,,,GIHMMLFK_01958,,GIHMMLFK_01958,,snp_synonymous,,C,,386,386,386,T,GIHMMLFK_12,synonymous,-1,output,11.0,,SNP,582.0
Q,134.0,Q,,CAA,134.0,3.0,,CAG,GIHMMLFK_01958,402,IS5 family transposase ISNoc2,>,,GIHMMLFK_01958,,,GIHMMLFK_01958,,GIHMMLFK_01958,,snp_synonymous,,A,,425,425,425,G,GIHMMLFK_12,synonymous,-1,output,11.0,,SNP,582.0
K,137.0,K,,AAG,137.0,3.0,,AAA,GIHMMLFK_01958,411,IS5 family transposase ISNoc2,>,,GIHMMLFK_01958,,,GIHMMLFK_01958,,GIHMMLFK_01958,,snp_synonymous,,G,,434,434,434,A,GIHMMLFK_12,synonymous,-1,output,11.0,,SNP,582.0
R,139.0,R,,CGT,139.0,3.0,,CGC,GIHMMLFK_01958,417,IS5 family transposase ISNoc2,>,,GIHMMLFK_01958,,,GIHMMLFK_01958,,GIHMMLFK_01958,,snp_synonymous,,T,,440,440,440,C,GIHMMLFK_12,synonymous,-1,output,11.0,,SNP,582.0
N,141.0,K,,AAT,141.0,3.0,,AAG,GIHMMLFK_01958,423,IS5 family transposase ISNoc2,>,,GIHMMLFK_01958,,,GIHMMLFK_01958,,GIHMMLFK_01958,,snp_nonsynonymous,,T,,446,446,446,G,GIHMMLFK_12,nonsynonymous,-1,output,11.0,,SNP,582.0
E,147.0,E,,GAG,147.0,3.0,,GAA,GIHMMLFK_01958,441,IS5 family transposase ISNoc2,>,,GIHMMLFK_01958,,,GIHMMLFK_01958,,GIHMMLFK_01958,,snp_synonymous,,G,,464,464,464,A,GIHMMLFK_12,synonymous,-1,output,11.0,,SNP,582.0
D,156.0,D,,GAT,156.0,3.0,,GAC,GIHMMLFK_01958,468,IS5 family transposase ISNoc2,>,,GIHMMLFK_01958,,,GIHMMLFK_01958,,GIHMMLFK_01958,,snp_synonymous,,T,,491,491,491,C,GIHMMLFK_12,synonymous,-1,output,11.0,,SNP,582.0
G,166.0,G,,GGT,166.0,3.0,,GGC,GIHMMLFK_01958,498,IS5 family transposase ISNoc2,>,,GIHMMLFK_01958,,,GIHMMLFK_01958,,GIHMMLFK_01958,,snp_synonymous,,T,,521,521,521,C,GIHMMLFK_12,synonymous,-1,output,11.0,,SNP,582.0
A,177.0,A,,GCG,177.0,3.0,,GCT,GIHMMLFK_01958,531,IS5 family transposase ISNoc2,>,,GIHMMLFK_01958,,,GIHMMLFK_01958,,GIHMMLFK_01958,,snp_synonymous,,G,,554,554,554,T,GIHMMLFK_12,synonymous,-1,output,11.0,,SNP,582.0
R,4.0,?,,CGA,4.0,2.0,,CNA,GIHMMLFK_02040,11,hypothetical protein,<,,GIHMMLFK_02040,,,GIHMMLFK_02040,,GIHMMLFK_02040,,snp_nonsynonymous,,C,,295,295,295,N,GIHMMLFK_13,nonsynonymous,-1,output,11.0,,SNP,282.0
G,58.0,G,,GGC,58.0,3.0,,GGA,GIHMMLFK_02365,174,hypothetical protein,<,,GIHMMLFK_02365,,,GIHMMLFK_02365,,GIHMMLFK_02365,,snp_synonymous,,G,,56117,56117,56117,T,GIHMMLFK_16,synonymous,-1,output,11.0,,SNP,1701.0
V,45.0,V,,GTG,45.0,3.0,,GTA,GIHMMLFK_02365,135,hypothetical protein,<,,GIHMMLFK_02365,,,GIHMMLFK_02365,,GIHMMLFK_02365,,snp_synonymous,,C,,56156,56156,56156,T,GIHMMLFK_16,synonymous,-1,output,11.0,,SNP,1701.0
V,44.0,V,,GTT,44.0,3.0,,GTA,GIHMMLFK_02365,132,hypothetical protein,<,,GIHMMLFK_02365,,,GIHMMLFK_02365,,GIHMMLFK_02365,,snp_synonymous,,A,,56159,56159,56159,T,GIHMMLFK_16,synonymous,-1,output,11.0,,SNP,1701.0
C,97.0,Y,,TGT,97.0,2.0,,TAT,GIHMMLFK_00486,290,GTP cyclohydrolase 1 type 2,>,,GIHMMLFK_00486,,,GIHMMLFK_00486,,GIHMMLFK_00486,,snp_nonsynonymous,,G,,222797,222797,222797,A,GIHMMLFK_2,nonsynonymous,-1,output,11.0,,SNP,759.0
D,419.0,?,,GAT,419.0,1.0,,NAT,GIHMMLFK_02657,1255,hypothetical protein,>,,GIHMMLFK_02657,,,GIHMMLFK_02657,,GIHMMLFK_02657,,snp_nonsynonymous,,G,,1361,1361,1361,N,GIHMMLFK_26,nonsynonymous,-1,output,11.0,,SNP,2964.0
D,435.0,D,,GAC,435.0,3.0,,GAT,GIHMMLFK_02657,1305,hypothetical protein,>,,GIHMMLFK_02657,,,GIHMMLFK_02657,,GIHMMLFK_02657,,snp_synonymous,,C,,1411,1411,1411,T,GIHMMLFK_26,synonymous,-1,output,11.0,,SNP,2964.0
D,437.0,D,,GAT,437.0,3.0,,GAC,GIHMMLFK_02657,1311,hypothetical protein,>,,GIHMMLFK_02657,,,GIHMMLFK_02657,,GIHMMLFK_02657,,snp_synonymous,,T,,1417,1417,1417,C,GIHMMLFK_26,synonymous,-1,output,11.0,,SNP,2964.0
K,442.0,K,,AAG,442.0,3.0,,AAA,GIHMMLFK_02657,1326,hypothetical protein,>,,GIHMMLFK_02657,,,GIHMMLFK_02657,,GIHMMLFK_02657,,snp_synonymous,,G,,1432,1432,1432,A,GIHMMLFK_26,synonymous,-1,output,11.0,,SNP,2964.0
V,444.0,V,,GTG,444.0,3.0,,GTA,GIHMMLFK_02657,1332,hypothetical protein,>,,GIHMMLFK_02657,,,GIHMMLFK_02657,,GIHMMLFK_02657,,snp_synonymous,,G,,1438,1438,1438,A,GIHMMLFK_26,synonymous,-1,output,11.0,,SNP,2964.0
T,446.0,A,,ACT,446.0,1.0,,GCT,GIHMMLFK_02657,1336,hypothetical protein,>,,GIHMMLFK_02657,,,GIHMMLFK_02657,,GIHMMLFK_02657,,snp_nonsynonymous,,A,,1442,1442,1442,G,GIHMMLFK_26,nonsynonymous,-1,output,11.0,,SNP,2964.0
,,,,,,,,,GIHMMLFK_02714/–,intergenic (-327/–),hypothetical protein/–,</–,,,,1.0,GIHMMLFK_02714/–,,,,large_insertion,,GACCTTGTTTGTACCCAGTTTGCTCTCAGTTTGTACCTTGTTTGTACCCAGTTTGCTCTCAGTTTGTACCTTGTTTGTACCCAGTTTGCTCTCAGTTTGTACCTTGTTTGTACCCAGTTTGCTCTCAGTTTG,,20095,20095,20095,G,GIHMMLFK_28,,-1,output,,,INS,
L,175.0,?,,CTT,175.0,3.0,,CTN,GIHMMLFK_00560,525,hypothetical protein,<,,GIHMMLFK_00560,,,GIHMMLFK_00560,,GIHMMLFK_00560,,snp_nonsynonymous,,A,,24780,24780,24780,N,GIHMMLFK_3,nonsynonymous,-1,output,11.0,,SNP,1269.0
P,100.0,P,,CCA,100.0,3.0,,CCG,GIHMMLFK_00936,300,"L-gulono-1,4-lactone dehydrogenase",>,,GIHMMLFK_00936,,,GIHMMLFK_00936,,GIHMMLFK_00936,,snp_synonymous,,A,,187846,187846,187846,G,GIHMMLFK_4,synonymous,-1,output,11.0,,SNP,1287.0
L,301.0,?,,CTT,301.0,1.0,,NTT,oppA_1,901,Periplasmic oligopeptide-binding protein,>,,oppA_1,,,GIHMMLFK_00937,,GIHMMLFK_00937,,snp_nonsynonymous,,C,,189975,189975,189975,N,GIHMMLFK_4,nonsynonymous,-1,output,11.0,,SNP,1698.0
S,125.0,N,,AGC,125.0,2.0,,AAC,bcr_3,374,Bicyclomycin resistance protein,<,,bcr_3,,,GIHMMLFK_01425,,GIHMMLFK_01425,,snp_nonsynonymous,,C,,99485,99485,99485,T,GIHMMLFK_7,nonsynonymous,-1,output,11.0,,SNP,1176.0
