aa_new_seq,aa_position,aa_ref_seq,clone,codon_new_seq,codon_number,codon_position,codon_position_is_indeterminate,codon_ref_seq,gene_name,gene_position,gene_product,gene_strand,genes_inactivated,genes_overlapping,genes_promoter,locus_tag,locus_tags_inactivated,locus_tags_overlapping,locus_tags_promoter,mutation_category,mutator_status,new_seq,population,position,position_end,position_start,ref_seq,seq_id,snp_type,time,title,transl_table,treatment,type,gene_length
,,,,,,,,,JBIFAAJI_00020,noncoding (46/73 nt),tRNA-Glu,<,,JBIFAAJI_00020,,JBIFAAJI_00020,,JBIFAAJI_00020,,snp_noncoding,,A,,4419,4419,4419,T,JBIFAAJI_1,noncoding,-1,output,,,SNP,73.0
,,,,,,,,,JBIFAAJI_03348/JBIFAAJI_03349,intergenic (+143/+499),hypothetical protein/hypothetical protein,>/<,,,JBIFAAJI_03349,JBIFAAJI_03348/JBIFAAJI_03349,,,JBIFAAJI_03349,snp_intergenic,,G,,126257,126257,126257,A,JBIFAAJI_12,intergenic,-1,output,,,SNP,
,,,,,,,,,JBIFAAJI_03348/JBIFAAJI_03349,intergenic (+161/+481),hypothetical protein/hypothetical protein,>/<,,,JBIFAAJI_03349,JBIFAAJI_03348/JBIFAAJI_03349,,,JBIFAAJI_03349,snp_intergenic,,G,,126275,126275,126275,A,JBIFAAJI_12,intergenic,-1,output,,,SNP,
R,123.0,R,,CGT,123.0,3.0,,CGC,pxpA,369,5-oxoprolinase subunit A,>,,pxpA,,JBIFAAJI_03354,,JBIFAAJI_03354,,snp_synonymous,,T,,130064,130064,130064,C,JBIFAAJI_12,synonymous,-1,output,11.0,,SNP,774.0
,,,,,,,,,–/JBIFAAJI_03443,intergenic (–/+245),–/hypothetical protein,–/<,,,,–/JBIFAAJI_03443,,,,snp_intergenic,,T,,225,225,225,C,JBIFAAJI_13,intergenic,-1,output,,,SNP,
,,,,,,,,,–/JBIFAAJI_03443,intergenic (–/+227),–/hypothetical protein,–/<,,,,–/JBIFAAJI_03443,,,,snp_intergenic,,G,,243,243,243,A,JBIFAAJI_13,intergenic,-1,output,,,SNP,
A,73.0,V,,GCC,73.0,2.0,,GTC,crh,218,HPr-like protein Crh,>,,crh,,JBIFAAJI_03499,,JBIFAAJI_03499,,snp_nonsynonymous,,C,,56081,56081,56081,T,JBIFAAJI_13,nonsynonymous,-1,output,11.0,,SNP,255.0
,,,,,,,,,JBIFAAJI_03673/JBIFAAJI_03674,intergenic (+318/-57),hypothetical protein/16S ribosomal RNA (partial),>/>,,,JBIFAAJI_03674,JBIFAAJI_03673/JBIFAAJI_03674,,,JBIFAAJI_03674,snp_intergenic,,T,,212845,212845,212845,A,JBIFAAJI_13,intergenic,-1,output,,,SNP,
,,,,,,,,,JBIFAAJI_03673/JBIFAAJI_03674,intergenic (+324/-51),hypothetical protein/16S ribosomal RNA (partial),>/>,,,JBIFAAJI_03674,JBIFAAJI_03673/JBIFAAJI_03674,,,JBIFAAJI_03674,snp_intergenic,,G,,212851,212851,212851,A,JBIFAAJI_13,intergenic,-1,output,,,SNP,
,,,,,,,,,cspB_2/map_2,intergenic (+212/+356),Cold shock protein CspB/Methionine aminopeptidase 1,>/<,,,map_2,JBIFAAJI_03767/JBIFAAJI_03768,,,JBIFAAJI_03768,snp_intergenic,,T,,86589,86589,86589,C,JBIFAAJI_14,intergenic,-1,output,,,SNP,
,,,,,,,,,cspB_2/map_2,intergenic (+297/+271),Cold shock protein CspB/Methionine aminopeptidase 1,>/<,,,map_2,JBIFAAJI_03767/JBIFAAJI_03768,,,JBIFAAJI_03768,snp_intergenic,,C,,86674,86674,86674,A,JBIFAAJI_14,intergenic,-1,output,,,SNP,
,,,,,,,,,rpoA/rpsK,intergenic (-10/+169),DNA-directed RNA polymerase subunit alpha/30S ribosomal protein S11,</<,,,rpoA,JBIFAAJI_00322/JBIFAAJI_00323,,,JBIFAAJI_00322,snp_intergenic,,A,,11062,11062,11062,C,JBIFAAJI_4,intergenic,-1,output,,,SNP,
M,255.0,V,,ATG,255.0,1.0,,GTG,lysC,763,Aspartokinase,>,,lysC,,JBIFAAJI_00541,,JBIFAAJI_00541,,snp_nonsynonymous,,A,,88895,88895,88895,G,JBIFAAJI_7,nonsynonymous,-1,output,11.0,,SNP,1206.0
,,,,,,,,,JBIFAAJI_00850/alsT_3,intergenic (+440/+11),hypothetical protein/Amino-acid carrier protein AlsT,>/<,,,alsT_3,JBIFAAJI_00850/JBIFAAJI_00851,,,JBIFAAJI_00851,snp_intergenic,,T,,358415,358415,358415,G,JBIFAAJI_7,intergenic,-1,output,,,SNP,
K,70.0,K,,AAA,70.0,3.0,,AAG,JBIFAAJI_00929,210,hypothetical protein,>,,JBIFAAJI_00929,,JBIFAAJI_00929,,JBIFAAJI_00929,,snp_synonymous,,A,,427004,427004,427004,G,JBIFAAJI_7,synonymous,-1,output,11.0,,SNP,597.0
,,,,,,,,,JBIFAAJI_01024/ypmQ_2,intergenic (-63/+1),hypothetical protein/SCO1 protein,</<,,,JBIFAAJI_01024,JBIFAAJI_01024/JBIFAAJI_01025,,,JBIFAAJI_01024,snp_intergenic,,T,,513675,513675,513675,G,JBIFAAJI_7,intergenic,-1,output,,,SNP,
,,,,,,,,,atoE/JBIFAAJI_01835,intergenic (+430/+490),Putative short-chain fatty acid transporter/hypothetical protein,>/<,,,JBIFAAJI_01835,JBIFAAJI_01834/JBIFAAJI_01835,,,JBIFAAJI_01835,snp_intergenic,,T,,135729,135729,135729,G,JBIFAAJI_8,intergenic,-1,output,,,SNP,
