aa_new_seq,aa_position,aa_ref_seq,clone,codon_new_seq,codon_number,codon_position,codon_position_is_indeterminate,codon_ref_seq,gene_name,gene_position,gene_product,gene_strand,genes_inactivated,genes_overlapping,genes_promoter,insert_position,locus_tag,locus_tags_inactivated,locus_tags_overlapping,locus_tags_promoter,mutation_category,mutator_status,new_seq,population,position,position_end,position_start,ref_seq,seq_id,size,snp_type,time,title,transl_table,treatment,type,gene_length
,,,,,,,,,EJGMCGDK_02588/–,intergenic (+150/–),tRNA-Val/–,>/–,,,,,EJGMCGDK_02588/–,,,,snp_intergenic,,T,,180006,180006,180006,C,EJGMCGDK_10,,intergenic,-1,output,,,SNP,
P,102.0,P,,CCT,102.0,3.0,,CCA,EJGMCGDK_00678,306,hypothetical protein,>,,EJGMCGDK_00678,,,EJGMCGDK_00678,,EJGMCGDK_00678,,snp_synonymous,,T,,149655,149655,149655,A,EJGMCGDK_2,,synonymous,-1,output,11.0,,SNP,1128.0
P,106.0,P,,CCT,106.0,3.0,,CCA,EJGMCGDK_00678,318,hypothetical protein,>,,EJGMCGDK_00678,,,EJGMCGDK_00678,,EJGMCGDK_00678,,snp_synonymous,,T,,149667,149667,149667,A,EJGMCGDK_2,,synonymous,-1,output,11.0,,SNP,1128.0
P,110.0,P,,CCT,110.0,3.0,,CCA,EJGMCGDK_00678,330,hypothetical protein,>,,EJGMCGDK_00678,,,EJGMCGDK_00678,,EJGMCGDK_00678,,snp_synonymous,,T,,149679,149679,149679,A,EJGMCGDK_2,,synonymous,-1,output,11.0,,SNP,1128.0
,,,,,,,,,EJGMCGDK_03600/EJGMCGDK_03601,intergenic (+37/-288),hypothetical protein/hypothetical protein,>/>,,,EJGMCGDK_03601,,EJGMCGDK_03600/EJGMCGDK_03601,,,EJGMCGDK_03601,snp_intergenic,,T,,473,473,473,G,EJGMCGDK_24,,intergenic,-1,output,,,SNP,
E,29.0,E,,GAA,29.0,3.0,,GAG,EJGMCGDK_03786,87,ISL3 family transposase ISGme6,>,,EJGMCGDK_03786,,,EJGMCGDK_03786,,EJGMCGDK_03786,,snp_synonymous,,A,,4340,4340,4340,G,EJGMCGDK_35,,synonymous,-1,output,11.0,,SNP,1254.0
E,35.0,Q,,GAG,35.0,1.0,,CAG,EJGMCGDK_03786,103,ISL3 family transposase ISGme6,>,,EJGMCGDK_03786,,,EJGMCGDK_03786,,EJGMCGDK_03786,,snp_nonsynonymous,,G,,4356,4356,4356,C,EJGMCGDK_35,,nonsynonymous,-1,output,11.0,,SNP,1254.0
N,41.0,N,,AAT,41.0,3.0,,AAC,EJGMCGDK_03786,123,ISL3 family transposase ISGme6,>,,EJGMCGDK_03786,,,EJGMCGDK_03786,,EJGMCGDK_03786,,snp_synonymous,,T,,4376,4376,4376,C,EJGMCGDK_35,,synonymous,-1,output,11.0,,SNP,1254.0
G,42.0,G,,GGC,42.0,3.0,,GGT,EJGMCGDK_03786,126,ISL3 family transposase ISGme6,>,,EJGMCGDK_03786,,,EJGMCGDK_03786,,EJGMCGDK_03786,,snp_synonymous,,C,,4379,4379,4379,T,EJGMCGDK_35,,synonymous,-1,output,11.0,,SNP,1254.0
A,44.0,A,,GCC,44.0,3.0,,GCA,EJGMCGDK_03786,132,ISL3 family transposase ISGme6,>,,EJGMCGDK_03786,,,EJGMCGDK_03786,,EJGMCGDK_03786,,snp_synonymous,,C,,4385,4385,4385,A,EJGMCGDK_35,,synonymous,-1,output,11.0,,SNP,1254.0
G,50.0,G,,GGC,50.0,3.0,,GGA,EJGMCGDK_03786,150,ISL3 family transposase ISGme6,>,,EJGMCGDK_03786,,,EJGMCGDK_03786,,EJGMCGDK_03786,,snp_synonymous,,C,,4403,4403,4403,A,EJGMCGDK_35,,synonymous,-1,output,11.0,,SNP,1254.0
R,51.0,R,,CGC,51.0,3.0,,CGG,EJGMCGDK_03786,153,ISL3 family transposase ISGme6,>,,EJGMCGDK_03786,,,EJGMCGDK_03786,,EJGMCGDK_03786,,snp_synonymous,,C,,4406,4406,4406,G,EJGMCGDK_35,,synonymous,-1,output,11.0,,SNP,1254.0
G,53.0,R,,GGG,53.0,1.0,,AGG,EJGMCGDK_03786,157,ISL3 family transposase ISGme6,>,,EJGMCGDK_03786,,,EJGMCGDK_03786,,EJGMCGDK_03786,,snp_nonsynonymous,,G,,4410,4410,4410,A,EJGMCGDK_35,,nonsynonymous,-1,output,11.0,,SNP,1254.0
P,54.0,P,,CCA,54.0,3.0,,CCC,EJGMCGDK_03786,162,ISL3 family transposase ISGme6,>,,EJGMCGDK_03786,,,EJGMCGDK_03786,,EJGMCGDK_03786,,snp_synonymous,,A,,4415,4415,4415,C,EJGMCGDK_35,,synonymous,-1,output,11.0,,SNP,1254.0
R,91.0,R,,CGG,91.0,3.0,,CGA,EJGMCGDK_03786,273,ISL3 family transposase ISGme6,>,,EJGMCGDK_03786,,,EJGMCGDK_03786,,EJGMCGDK_03786,,snp_synonymous,,G,,4526,4526,4526,A,EJGMCGDK_35,,synonymous,-1,output,11.0,,SNP,1254.0
F,111.0,F,,TTT,111.0,3.0,,TTC,EJGMCGDK_03786,333,ISL3 family transposase ISGme6,>,,EJGMCGDK_03786,,,EJGMCGDK_03786,,EJGMCGDK_03786,,snp_synonymous,,T,,4586,4586,4586,C,EJGMCGDK_35,,synonymous,-1,output,11.0,,SNP,1254.0
K,288.0,K,,AAG,288.0,3.0,,AAA,EJGMCGDK_03786,864,ISL3 family transposase ISGme6,>,,EJGMCGDK_03786,,,EJGMCGDK_03786,,EJGMCGDK_03786,,snp_synonymous,,G,,5117,5117,5117,A,EJGMCGDK_35,,synonymous,-1,output,11.0,,SNP,1254.0
E,290.0,E,,GAG,290.0,3.0,,GAA,EJGMCGDK_03786,870,ISL3 family transposase ISGme6,>,,EJGMCGDK_03786,,,EJGMCGDK_03786,,EJGMCGDK_03786,,snp_synonymous,,G,,5123,5123,5123,A,EJGMCGDK_35,,synonymous,-1,output,11.0,,SNP,1254.0
L,293.0,L,,TTG,293.0,1.0,,CTG,EJGMCGDK_03786,877,ISL3 family transposase ISGme6,>,,EJGMCGDK_03786,,,EJGMCGDK_03786,,EJGMCGDK_03786,,snp_synonymous,,T,,5130,5130,5130,C,EJGMCGDK_35,,synonymous,-1,output,11.0,,SNP,1254.0
T,303.0,T,,ACT,303.0,3.0,,ACA,EJGMCGDK_03786,909,ISL3 family transposase ISGme6,>,,EJGMCGDK_03786,,,EJGMCGDK_03786,,EJGMCGDK_03786,,snp_synonymous,,T,,5162,5162,5162,A,EJGMCGDK_35,,synonymous,-1,output,11.0,,SNP,1254.0
Q,327.0,Q,,CAG,327.0,3.0,,CAA,EJGMCGDK_03786,981,ISL3 family transposase ISGme6,>,,EJGMCGDK_03786,,,EJGMCGDK_03786,,EJGMCGDK_03786,,snp_synonymous,,G,,5234,5234,5234,A,EJGMCGDK_35,,synonymous,-1,output,11.0,,SNP,1254.0
R,331.0,R,,CGA,331.0,1.0,,AGA,EJGMCGDK_03786,991,ISL3 family transposase ISGme6,>,,EJGMCGDK_03786,,,EJGMCGDK_03786,,EJGMCGDK_03786,,snp_synonymous,,C,,5244,5244,5244,A,EJGMCGDK_35,,synonymous,-1,output,11.0,,SNP,1254.0
R,335.0,R,,CGG,335.0,3.0,,CGA,EJGMCGDK_03786,1005,ISL3 family transposase ISGme6,>,,EJGMCGDK_03786,,,EJGMCGDK_03786,,EJGMCGDK_03786,,snp_synonymous,,G,,5258,5258,5258,A,EJGMCGDK_35,,synonymous,-1,output,11.0,,SNP,1254.0
I,341.0,I,,ATT,341.0,3.0,,ATC,EJGMCGDK_03786,1023,ISL3 family transposase ISGme6,>,,EJGMCGDK_03786,,,EJGMCGDK_03786,,EJGMCGDK_03786,,snp_synonymous,,T,,5276,5276,5276,C,EJGMCGDK_35,,synonymous,-1,output,11.0,,SNP,1254.0
R,141.0,R,,CGG,141.0,3.0,,CGC,EJGMCGDK_03799,423,hypothetical protein,>,,EJGMCGDK_03799,,,EJGMCGDK_03799,,EJGMCGDK_03799,,snp_synonymous,,G,,5387,5387,5387,C,EJGMCGDK_36,,synonymous,-1,output,11.0,,SNP,1359.0
R,145.0,K,,AGA,145.0,2.0,,AAA,EJGMCGDK_03799,434,hypothetical protein,>,,EJGMCGDK_03799,,,EJGMCGDK_03799,,EJGMCGDK_03799,,snp_nonsynonymous,,G,,5398,5398,5398,A,EJGMCGDK_36,,nonsynonymous,-1,output,11.0,,SNP,1359.0
G,180.0,E,,GGG,180.0,2.0,,GAG,EJGMCGDK_03799,539,hypothetical protein,>,,EJGMCGDK_03799,,,EJGMCGDK_03799,,EJGMCGDK_03799,,snp_nonsynonymous,,G,,5503,5503,5503,A,EJGMCGDK_36,,nonsynonymous,-1,output,11.0,,SNP,1359.0
L,181.0,L,,TTG,181.0,1.0,,CTG,EJGMCGDK_03799,541,hypothetical protein,>,,EJGMCGDK_03799,,,EJGMCGDK_03799,,EJGMCGDK_03799,,snp_synonymous,,T,,5505,5505,5505,C,EJGMCGDK_36,,synonymous,-1,output,11.0,,SNP,1359.0
I,220.0,I,,ATT,220.0,3.0,,ATC,EJGMCGDK_03799,660,hypothetical protein,>,,EJGMCGDK_03799,,,EJGMCGDK_03799,,EJGMCGDK_03799,,snp_synonymous,,T,,5624,5624,5624,C,EJGMCGDK_36,,synonymous,-1,output,11.0,,SNP,1359.0
P,24.0,Q,,CCG,24.0,2.0,,CAG,klcA_2,71,Antirestriction protein KlcA,>,,klcA_2,,,EJGMCGDK_03811,,EJGMCGDK_03811,,snp_nonsynonymous,,C,,211,211,211,A,EJGMCGDK_38,,nonsynonymous,-1,output,11.0,,SNP,474.0
V,275.0,V,,GTC,275.0,3.0,,GTT,EJGMCGDK_03816,825,hypothetical protein,<,,EJGMCGDK_03816,,,EJGMCGDK_03816,,EJGMCGDK_03816,,snp_synonymous,,G,,3533,3533,3533,A,EJGMCGDK_38,,synonymous,-1,output,11.0,,SNP,1359.0
N,273.0,K,,AAC,273.0,3.0,,AAG,EJGMCGDK_03816,819,hypothetical protein,<,,EJGMCGDK_03816,,,EJGMCGDK_03816,,EJGMCGDK_03816,,snp_nonsynonymous,,G,,3539,3539,3539,C,EJGMCGDK_38,,nonsynonymous,-1,output,11.0,,SNP,1359.0
P,271.0,S,,CCT,271.0,1.0,,TCT,EJGMCGDK_03816,811,hypothetical protein,<,,EJGMCGDK_03816,,,EJGMCGDK_03816,,EJGMCGDK_03816,,snp_nonsynonymous,,G,,3547,3547,3547,A,EJGMCGDK_38,,nonsynonymous,-1,output,11.0,,SNP,1359.0
I,220.0,I,,ATC,220.0,3.0,,ATT,EJGMCGDK_03816,660,hypothetical protein,<,,EJGMCGDK_03816,,,EJGMCGDK_03816,,EJGMCGDK_03816,,snp_synonymous,,G,,3698,3698,3698,A,EJGMCGDK_38,,synonymous,-1,output,11.0,,SNP,1359.0
L,181.0,L,,CTG,181.0,1.0,,TTG,EJGMCGDK_03816,541,hypothetical protein,<,,EJGMCGDK_03816,,,EJGMCGDK_03816,,EJGMCGDK_03816,,snp_synonymous,,G,,3817,3817,3817,A,EJGMCGDK_38,,synonymous,-1,output,11.0,,SNP,1359.0
E,180.0,G,,GAG,180.0,2.0,,GGG,EJGMCGDK_03816,539,hypothetical protein,<,,EJGMCGDK_03816,,,EJGMCGDK_03816,,EJGMCGDK_03816,,snp_nonsynonymous,,T,,3819,3819,3819,C,EJGMCGDK_38,,nonsynonymous,-1,output,11.0,,SNP,1359.0
K,145.0,R,,AAA,145.0,2.0,,AGA,EJGMCGDK_03816,434,hypothetical protein,<,,EJGMCGDK_03816,,,EJGMCGDK_03816,,EJGMCGDK_03816,,snp_nonsynonymous,,T,,3924,3924,3924,C,EJGMCGDK_38,,nonsynonymous,-1,output,11.0,,SNP,1359.0
R,141.0,R,,CGC,141.0,3.0,,CGG,EJGMCGDK_03816,423,hypothetical protein,<,,EJGMCGDK_03816,,,EJGMCGDK_03816,,EJGMCGDK_03816,,snp_synonymous,,G,,3935,3935,3935,C,EJGMCGDK_38,,synonymous,-1,output,11.0,,SNP,1359.0
E,118.0,E,,GAA,118.0,3.0,,GAG,EJGMCGDK_03816,354,hypothetical protein,<,,EJGMCGDK_03816,,,EJGMCGDK_03816,,EJGMCGDK_03816,,snp_synonymous,,T,,4004,4004,4004,C,EJGMCGDK_38,,synonymous,-1,output,11.0,,SNP,1359.0
L,495.0,L,,CTC,495.0,3.0,,CTT,noc_2,1485,Nucleoid occlusion protein,<,,noc_2,,,EJGMCGDK_03818,,EJGMCGDK_03818,,snp_synonymous,,G,,5290,5290,5290,A,EJGMCGDK_38,,synonymous,-1,output,11.0,,SNP,1875.0
L,490.0,L,,CTG,490.0,3.0,,CTT,noc_2,1470,Nucleoid occlusion protein,<,,noc_2,,,EJGMCGDK_03818,,EJGMCGDK_03818,,snp_synonymous,,C,,5305,5305,5305,A,EJGMCGDK_38,,synonymous,-1,output,11.0,,SNP,1875.0
,,,,,,,,,EJGMCGDK_03835/–,intergenic (+541/–),tRNA-Thr/–,>/–,,,,,EJGMCGDK_03835/–,,,,snp_intergenic,,T,,8902,8902,8902,C,EJGMCGDK_39,,intergenic,-1,output,,,SNP,
Y,128.0,Y,,TAT,128.0,3.0,,TAC,EJGMCGDK_03842,384,IS21 family transposase ISSpu5,<,,EJGMCGDK_03842,,,EJGMCGDK_03842,,EJGMCGDK_03842,,snp_synonymous,,A,,7463,7463,7463,G,EJGMCGDK_40,,synonymous,-1,output,11.0,,SNP,756.0
E,126.0,E,,GAG,126.0,3.0,,GAA,EJGMCGDK_03842,378,IS21 family transposase ISSpu5,<,,EJGMCGDK_03842,,,EJGMCGDK_03842,,EJGMCGDK_03842,,snp_synonymous,,C,,7469,7469,7469,T,EJGMCGDK_40,,synonymous,-1,output,11.0,,SNP,756.0
G,106.0,G,,GGC,106.0,3.0,,GGT,EJGMCGDK_03842,318,IS21 family transposase ISSpu5,<,,EJGMCGDK_03842,,,EJGMCGDK_03842,,EJGMCGDK_03842,,snp_synonymous,,G,,7529,7529,7529,A,EJGMCGDK_40,,synonymous,-1,output,11.0,,SNP,756.0
L,100.0,L,,CTG,100.0,3.0,,CTC,EJGMCGDK_03842,300,IS21 family transposase ISSpu5,<,,EJGMCGDK_03842,,,EJGMCGDK_03842,,EJGMCGDK_03842,,snp_synonymous,,C,,7547,7547,7547,G,EJGMCGDK_40,,synonymous,-1,output,11.0,,SNP,756.0
Q,88.0,Q,,CAG,88.0,3.0,,CAA,EJGMCGDK_03842,264,IS21 family transposase ISSpu5,<,,EJGMCGDK_03842,,,EJGMCGDK_03842,,EJGMCGDK_03842,,snp_synonymous,,C,,7583,7583,7583,T,EJGMCGDK_40,,synonymous,-1,output,11.0,,SNP,756.0
L,86.0,L,,CTC,86.0,3.0,,CTG,EJGMCGDK_03842,258,IS21 family transposase ISSpu5,<,,EJGMCGDK_03842,,,EJGMCGDK_03842,,EJGMCGDK_03842,,snp_synonymous,,G,,7589,7589,7589,C,EJGMCGDK_40,,synonymous,-1,output,11.0,,SNP,756.0
K,84.0,K,,AAA,84.0,3.0,,AAG,EJGMCGDK_03842,252,IS21 family transposase ISSpu5,<,,EJGMCGDK_03842,,,EJGMCGDK_03842,,EJGMCGDK_03842,,snp_synonymous,,T,,7595,7595,7595,C,EJGMCGDK_40,,synonymous,-1,output,11.0,,SNP,756.0
P,79.0,P,,CCC,79.0,3.0,,CCG,EJGMCGDK_03842,237,IS21 family transposase ISSpu5,<,,EJGMCGDK_03842,,,EJGMCGDK_03842,,EJGMCGDK_03842,,snp_synonymous,,G,,7610,7610,7610,C,EJGMCGDK_40,,synonymous,-1,output,11.0,,SNP,756.0
R,61.0,R,,CGT,61.0,3.0,,CGC,EJGMCGDK_03842,183,IS21 family transposase ISSpu5,<,,EJGMCGDK_03842,,,EJGMCGDK_03842,,EJGMCGDK_03842,,snp_synonymous,,A,,7664,7664,7664,G,EJGMCGDK_40,,synonymous,-1,output,11.0,,SNP,756.0
S,57.0,S,,AGT,57.0,3.0,,AGC,EJGMCGDK_03842,171,IS21 family transposase ISSpu5,<,,EJGMCGDK_03842,,,EJGMCGDK_03842,,EJGMCGDK_03842,,snp_synonymous,,A,,7676,7676,7676,G,EJGMCGDK_40,,synonymous,-1,output,11.0,,SNP,756.0
R,51.0,R,,CGC,51.0,3.0,,CGA,EJGMCGDK_03842,153,IS21 family transposase ISSpu5,<,,EJGMCGDK_03842,,,EJGMCGDK_03842,,EJGMCGDK_03842,,snp_synonymous,,G,,7694,7694,7694,T,EJGMCGDK_40,,synonymous,-1,output,11.0,,SNP,756.0
D,45.0,D,,GAT,45.0,3.0,,GAC,EJGMCGDK_03842,135,IS21 family transposase ISSpu5,<,,EJGMCGDK_03842,,,EJGMCGDK_03842,,EJGMCGDK_03842,,snp_synonymous,,A,,7712,7712,7712,G,EJGMCGDK_40,,synonymous,-1,output,11.0,,SNP,756.0
L,43.0,L,,TTG,43.0,1.0,,CTG,EJGMCGDK_03842,127,IS21 family transposase ISSpu5,<,,EJGMCGDK_03842,,,EJGMCGDK_03842,,EJGMCGDK_03842,,snp_synonymous,,A,,7720,7720,7720,G,EJGMCGDK_40,,synonymous,-1,output,11.0,,SNP,756.0
L,40.0,L,,CTT,40.0,3.0,,CTC,EJGMCGDK_03842,120,IS21 family transposase ISSpu5,<,,EJGMCGDK_03842,,,EJGMCGDK_03842,,EJGMCGDK_03842,,snp_synonymous,,A,,7727,7727,7727,G,EJGMCGDK_40,,synonymous,-1,output,11.0,,SNP,756.0
E,38.0,E,,GAA,38.0,3.0,,GAG,EJGMCGDK_03842,114,IS21 family transposase ISSpu5,<,,EJGMCGDK_03842,,,EJGMCGDK_03842,,EJGMCGDK_03842,,snp_synonymous,,T,,7733,7733,7733,C,EJGMCGDK_40,,synonymous,-1,output,11.0,,SNP,756.0
E,37.0,E,,GAA,37.0,3.0,,GAG,EJGMCGDK_03842,111,IS21 family transposase ISSpu5,<,,EJGMCGDK_03842,,,EJGMCGDK_03842,,EJGMCGDK_03842,,snp_synonymous,,T,,7736,7736,7736,C,EJGMCGDK_40,,synonymous,-1,output,11.0,,SNP,756.0
,,,,,,,,,EJGMCGDK_03842/–,intergenic (-78/–),IS21 family transposase ISSpu5/–,</–,,,EJGMCGDK_03842,,EJGMCGDK_03842/–,,,EJGMCGDK_03842,snp_intergenic,,A,,7924,7924,7924,T,EJGMCGDK_40,,intergenic,-1,output,,,SNP,
,,,,,,,,,EJGMCGDK_03842/–,intergenic (-84/–),IS21 family transposase ISSpu5/–,</–,,,EJGMCGDK_03842,,EJGMCGDK_03842/–,,,EJGMCGDK_03842,snp_intergenic,,G,,7930,7930,7930,A,EJGMCGDK_40,,intergenic,-1,output,,,SNP,
,,,,,,,,,EJGMCGDK_03855/–,intergenic (-17/–),hypothetical protein/–,</–,,,EJGMCGDK_03855,,EJGMCGDK_03855/–,,,EJGMCGDK_03855,snp_intergenic,,G,,7459,7459,7459,A,EJGMCGDK_42,,intergenic,-1,output,,,SNP,
,,,,,,,,,EJGMCGDK_03855/–,intergenic (-26/–),hypothetical protein/–,</–,,,EJGMCGDK_03855,,EJGMCGDK_03855/–,,,EJGMCGDK_03855,snp_intergenic,,G,,7468,7468,7468,A,EJGMCGDK_42,,intergenic,-1,output,,,SNP,
,,,,,,,,,EJGMCGDK_03855/–,intergenic (-47/–),hypothetical protein/–,</–,,,EJGMCGDK_03855,,EJGMCGDK_03855/–,,,EJGMCGDK_03855,small_indel,,TC,,7489,7490,7489,AA,EJGMCGDK_42,2.0,,-1,output,,,SUB,
,,,,,,,,,–/parE_2,intergenic (–/+241),–/DNA topoisomerase 4 subunit B,–/<,,,,,–/EJGMCGDK_03856,,,,snp_intergenic,,T,,36,36,36,A,EJGMCGDK_43,,intergenic,-1,output,,,SNP,
,,,,,,,,,–/parE_2,intergenic (–/+234),–/DNA topoisomerase 4 subunit B,–/<,,,,,–/EJGMCGDK_03856,,,,snp_intergenic,,C,,43,43,43,T,EJGMCGDK_43,,intergenic,-1,output,,,SNP,
,,,,,,,,,–/parE_2,intergenic (–/+232),–/DNA topoisomerase 4 subunit B,–/<,,,,,–/EJGMCGDK_03856,,,,snp_intergenic,,T,,45,45,45,A,EJGMCGDK_43,,intergenic,-1,output,,,SNP,
,,,,,,,,,–/parE_2,intergenic (–/+218),–/DNA topoisomerase 4 subunit B,–/<,,,,,–/EJGMCGDK_03856,,,,snp_intergenic,,A,,59,59,59,G,EJGMCGDK_43,,intergenic,-1,output,,,SNP,
,,,,,,,,,–/parE_2,intergenic (–/+207),–/DNA topoisomerase 4 subunit B,–/<,,,,,–/EJGMCGDK_03856,,,,small_indel,,CA,,69,70,69,AC,EJGMCGDK_43,2.0,,-1,output,,,SUB,
,,,,,,,,,–/parE_2,intergenic (–/+201),–/DNA topoisomerase 4 subunit B,–/<,,,,,–/EJGMCGDK_03856,,,,snp_intergenic,,G,,76,76,76,T,EJGMCGDK_43,,intergenic,-1,output,,,SNP,
,,,,,,,,,–/parE_2,intergenic (–/+196),–/DNA topoisomerase 4 subunit B,–/<,,,,,–/EJGMCGDK_03856,,,,small_indel,,CTA,,79,81,79,ACC,EJGMCGDK_43,3.0,,-1,output,,,SUB,
,,,,,,,,,–/parE_2,intergenic (–/+192),–/DNA topoisomerase 4 subunit B,–/<,,,,,–/EJGMCGDK_03856,,,,snp_intergenic,,C,,85,85,85,T,EJGMCGDK_43,,intergenic,-1,output,,,SNP,
,,,,,,,,,–/parE_2,intergenic (–/+177),–/DNA topoisomerase 4 subunit B,–/<,,,,,–/EJGMCGDK_03856,,,,snp_intergenic,,T,,100,100,100,G,EJGMCGDK_43,,intergenic,-1,output,,,SNP,
,,,,,,,,,–/parE_2,intergenic (–/+174),–/DNA topoisomerase 4 subunit B,–/<,,,,1.0,–/EJGMCGDK_03856,,,,small_indel,,T,,103,103,103,A,EJGMCGDK_43,,,-1,output,,,INS,
,,,,,,,,,–/parE_2,intergenic (–/+162),–/DNA topoisomerase 4 subunit B,–/<,,,,,–/EJGMCGDK_03856,,,,snp_intergenic,,T,,115,115,115,C,EJGMCGDK_43,,intergenic,-1,output,,,SNP,
,,,,,,,,,–/parE_2,intergenic (–/+157),–/DNA topoisomerase 4 subunit B,–/<,,,,,–/EJGMCGDK_03856,,,,snp_intergenic,,T,,120,120,120,G,EJGMCGDK_43,,intergenic,-1,output,,,SNP,
,,,,,,,,,–/parE_2,intergenic (–/+154),–/DNA topoisomerase 4 subunit B,–/<,,,,,–/EJGMCGDK_03856,,,,snp_intergenic,,C,,123,123,123,T,EJGMCGDK_43,,intergenic,-1,output,,,SNP,
,,,,,,,,,–/parE_2,intergenic (–/+150),–/DNA topoisomerase 4 subunit B,–/<,,,,,–/EJGMCGDK_03856,,,,snp_intergenic,,T,,127,127,127,C,EJGMCGDK_43,,intergenic,-1,output,,,SNP,
,,,,,,,,,–/parE_2,intergenic (–/+147),–/DNA topoisomerase 4 subunit B,–/<,,,,,–/EJGMCGDK_03856,,,,snp_intergenic,,A,,130,130,130,G,EJGMCGDK_43,,intergenic,-1,output,,,SNP,
,,,,,,,,,–/parE_2,intergenic (–/+145),–/DNA topoisomerase 4 subunit B,–/<,,,,,–/EJGMCGDK_03856,,,,snp_intergenic,,C,,132,132,132,T,EJGMCGDK_43,,intergenic,-1,output,,,SNP,
K,398.0,T,,AAG,398.0,2.0,,ACG,napA,1193,Periplasmic nitrate reductase,>,,napA,,,EJGMCGDK_03885,,EJGMCGDK_03885,,snp_nonsynonymous,,A,,5282,5282,5282,C,EJGMCGDK_47,,nonsynonymous,-1,output,11.0,,SNP,1449.0
,,,,,,,,,EJGMCGDK_03939–EJGMCGDK_03940,,"EJGMCGDK_03939,EJGMCGDK_03940",,"EJGMCGDK_03939,EJGMCGDK_03940",,,,[EJGMCGDK_03939]–[EJGMCGDK_03940],"EJGMCGDK_03939,EJGMCGDK_03940",,,large_deletion,,,,1,1424,1,1424-bp,EJGMCGDK_68,1424.0,,-1,output,,,DEL,
