aa_new_seq	aa_position	aa_ref_seq	clone	codon_new_seq	codon_number	codon_position	codon_position_is_indeterminate	codon_ref_seq	gene_name	gene_position	gene_product	gene_strand	genes_inactivated	genes_overlapping	genes_promoter	insert_position	locus_tag	locus_tags_inactivated	locus_tags_overlapping	locus_tags_promoter	mutation_category	mutator_status	new_seq	population	position	position_end	position_start	ref_seq	repeat_length	repeat_new_copies	repeat_ref_copies	repeat_seq	seq_id	size	snp_type	time	title	transl_table	treatment	type
I	200	I		ATC	200	3		ATT	JOPOCONL_00099	600	hypothetical protein	>		JOPOCONL_00099			JOPOCONL_00099		JOPOCONL_00099		snp_synonymous		C		108074	108074	108074	T					NZ_DS544873.1		synonymous	-1	output	11		SNP
R	244	R		CGT	244	3		CGC	JOPOCONL_00099	732	hypothetical protein	>		JOPOCONL_00099			JOPOCONL_00099		JOPOCONL_00099		snp_synonymous		T		108206	108206	108206	C					NZ_DS544873.1		synonymous	-1	output	11		SNP
L	254	L		TTA	254	1		CTA	JOPOCONL_00099	760	hypothetical protein	>		JOPOCONL_00099			JOPOCONL_00099		JOPOCONL_00099		snp_synonymous		T		108234	108234	108234	C					NZ_DS544873.1		synonymous	-1	output	11		SNP
									atoC/JOPOCONL_00139	intergenic (+38/-238)	Regulatory protein AtoC/hypothetical protein	>/>			JOPOCONL_00139		JOPOCONL_00138/JOPOCONL_00139			JOPOCONL_00139	small_indel		TTATGAACC		137118	137146	137118	29-bp					NZ_DS544873.1	29		-1	output			SUB
									JOPOCONL_00184/JOPOCONL_00185	intergenic (+350/-100)	hypothetical protein/hypothetical protein	>/>			JOPOCONL_00185		JOPOCONL_00184/JOPOCONL_00185			JOPOCONL_00185	small_indel				195782	195786	195782	NNNNN					NZ_DS544873.1	5		-1	output			DEL
									JOPOCONL_00184/JOPOCONL_00185	intergenic (+355/-85)	hypothetical protein/hypothetical protein	>/>			JOPOCONL_00185		JOPOCONL_00184/JOPOCONL_00185			JOPOCONL_00185	small_indel		GATGCAGAAGTACAA		195787	195801	195787	NNNNNNNNNNNNNNN					NZ_DS544873.1	15		-1	output			SUB
L	101	F		TTA	101	3		TTT	btuB_1	303	Vitamin B12 transporter BtuB	>		btuB_1			JOPOCONL_00324		JOPOCONL_00324		snp_nonsynonymous		A		349219	349219	349219	T					NZ_DS544873.1		nonsynonymous	-1	output	11		SNP
									JOPOCONL_00413/JOPOCONL_00414	intergenic (+1945/-685)	IS256 family transposase ISDku1/hypothetical protein	>/>			JOPOCONL_00414		JOPOCONL_00413/JOPOCONL_00414			JOPOCONL_00414	snp_intergenic		G		453848	453848	453848	C					NZ_DS544873.1		intergenic	-1	output			SNP
									JOPOCONL_00413/JOPOCONL_00414	intergenic (+1957/-673)	IS256 family transposase ISDku1/hypothetical protein	>/>			JOPOCONL_00414	1	JOPOCONL_00413/JOPOCONL_00414			JOPOCONL_00414	small_indel		G		453860	453860	453860	G					NZ_DS544873.1			-1	output			INS
R	518	C		CGT	518	1		TGT	JOPOCONL_00440	1552	hypothetical protein	>		JOPOCONL_00440			JOPOCONL_00440		JOPOCONL_00440		snp_nonsynonymous		C		480153	480153	480153	T					NZ_DS544873.1		nonsynonymous	-1	output	11		SNP
I	570	F		ATC	570	1		TTC	JOPOCONL_00440	1708	hypothetical protein	>		JOPOCONL_00440			JOPOCONL_00440		JOPOCONL_00440		snp_nonsynonymous		A		480309	480309	480309	T					NZ_DS544873.1		nonsynonymous	-1	output	11		SNP
S	591	F		TCT	591	2		TTT	JOPOCONL_00440	1772	hypothetical protein	>		JOPOCONL_00440			JOPOCONL_00440		JOPOCONL_00440		snp_nonsynonymous		C		480373	480373	480373	T					NZ_DS544873.1		nonsynonymous	-1	output	11		SNP
									JOPOCONL_00736/JOPOCONL_00737	intergenic (+124/+56)	hypothetical protein/hypothetical protein	>/<			JOPOCONL_00737	1	JOPOCONL_00736/JOPOCONL_00737			JOPOCONL_00737	small_indel		A		792071	792071	792071	A					NZ_DS544873.1			-1	output			INS
									JOPOCONL_00736/JOPOCONL_00737	intergenic (+135/+45)	hypothetical protein/hypothetical protein	>/<			JOPOCONL_00737	1	JOPOCONL_00736/JOPOCONL_00737			JOPOCONL_00737	small_indel		A		792082	792082	792082	A					NZ_DS544873.1			-1	output			INS
									JOPOCONL_00736/JOPOCONL_00737	intergenic (+149/+31)	hypothetical protein/hypothetical protein	>/<			JOPOCONL_00737	1	JOPOCONL_00736/JOPOCONL_00737			JOPOCONL_00737	small_indel		T		792096	792096	792096	T					NZ_DS544873.1			-1	output			INS
									JOPOCONL_00737	coding (2906/2907 nt)	hypothetical protein	<		JOPOCONL_00737		1	JOPOCONL_00737		JOPOCONL_00737		small_indel		TA		792128	792128	792128	T					NZ_DS544873.1			-1	output			INS
D	132	Y		GAT	132	1		TAT	JOPOCONL_00793	394	hypothetical protein	>		JOPOCONL_00793			JOPOCONL_00793		JOPOCONL_00793		snp_nonsynonymous		G		855771	855771	855771	T					NZ_DS544873.1		nonsynonymous	-1	output	11		SNP
H	135	L		CAC	135	2		CTC	JOPOCONL_00793	404	hypothetical protein	>		JOPOCONL_00793			JOPOCONL_00793		JOPOCONL_00793		snp_nonsynonymous		A		855781	855781	855781	T					NZ_DS544873.1		nonsynonymous	-1	output	11		SNP
F	166	L		TTC	166	3		TTA	JOPOCONL_00793	498	hypothetical protein	>		JOPOCONL_00793			JOPOCONL_00793		JOPOCONL_00793		snp_nonsynonymous		C		855875	855875	855875	A					NZ_DS544873.1		nonsynonymous	-1	output	11		SNP
									JOPOCONL_00809	coding (17-18/1590 nt)	hypothetical protein	>	JOPOCONL_00809				JOPOCONL_00809	JOPOCONL_00809			small_indel				882486	882487	882486	TA					NZ_DS544873.1	2		-1	output			DEL
									JOPOCONL_00809	coding (36/1590 nt)	hypothetical protein	>	JOPOCONL_00809			1	JOPOCONL_00809	JOPOCONL_00809			small_indel		A		882505	882505	882505	A	1	6	5	A	NZ_DS544873.1			-1	output			INS
									susC_1	coding (905/978 nt)	TonB-dependent receptor SusC	>		susC_1		1	JOPOCONL_00811		JOPOCONL_00811		small_indel		A		885704	885704	885704	A					NZ_DS544873.1			-1	output			INS
E	302	D		GAG	302	3		GAC	susC_1	906	TonB-dependent receptor SusC	>		susC_1			JOPOCONL_00811		JOPOCONL_00811		snp_nonsynonymous		G		885705	885705	885705	C					NZ_DS544873.1		nonsynonymous	-1	output	11		SNP
									susC_1	coding (978/978 nt)	TonB-dependent receptor SusC	>		susC_1		1	JOPOCONL_00811		JOPOCONL_00811		small_indel		G		885777	885777	885777	G					NZ_DS544873.1			-1	output			INS
									susC_1/JOPOCONL_00812	intergenic (+17/-113)	TonB-dependent receptor SusC/TonB-dependent receptor P3	>/>			JOPOCONL_00812	1	JOPOCONL_00811/JOPOCONL_00812			JOPOCONL_00812	small_indel		G		885794	885794	885794	G					NZ_DS544873.1			-1	output			INS
									susC_1/JOPOCONL_00812	intergenic (+58/-72)	TonB-dependent receptor SusC/TonB-dependent receptor P3	>/>			JOPOCONL_00812	1	JOPOCONL_00811/JOPOCONL_00812			JOPOCONL_00812	small_indel		TA		885835	885835	885835	T					NZ_DS544873.1			-1	output			INS
									susC_1/JOPOCONL_00812	intergenic (+62/-68)	TonB-dependent receptor SusC/TonB-dependent receptor P3	>/>			JOPOCONL_00812	1	JOPOCONL_00811/JOPOCONL_00812			JOPOCONL_00812	small_indel		T		885839	885839	885839	T					NZ_DS544873.1			-1	output			INS
									susC_1/JOPOCONL_00812	intergenic (+71/-59)	TonB-dependent receptor SusC/TonB-dependent receptor P3	>/>			JOPOCONL_00812	1	JOPOCONL_00811/JOPOCONL_00812			JOPOCONL_00812	small_indel		A		885848	885848	885848	A					NZ_DS544873.1			-1	output			INS
									susC_1/JOPOCONL_00812	intergenic (+88/-42)	TonB-dependent receptor SusC/TonB-dependent receptor P3	>/>			JOPOCONL_00812	1	JOPOCONL_00811/JOPOCONL_00812			JOPOCONL_00812	small_indel		A		885865	885865	885865	A					NZ_DS544873.1			-1	output			INS
									susC_1/JOPOCONL_00812	intergenic (+94/-36)	TonB-dependent receptor SusC/TonB-dependent receptor P3	>/>			JOPOCONL_00812	1	JOPOCONL_00811/JOPOCONL_00812			JOPOCONL_00812	small_indel		G		885871	885871	885871	G					NZ_DS544873.1			-1	output			INS
									susC_1/JOPOCONL_00812	intergenic (+97/-33)	TonB-dependent receptor SusC/TonB-dependent receptor P3	>/>			JOPOCONL_00812	1	JOPOCONL_00811/JOPOCONL_00812			JOPOCONL_00812	small_indel		A		885874	885874	885874	A					NZ_DS544873.1			-1	output			INS
									susC_1/JOPOCONL_00812	intergenic (+100/-30)	TonB-dependent receptor SusC/TonB-dependent receptor P3	>/>			JOPOCONL_00812	1	JOPOCONL_00811/JOPOCONL_00812			JOPOCONL_00812	small_indel		T		885877	885877	885877	T					NZ_DS544873.1			-1	output			INS
									susC_1/JOPOCONL_00812	intergenic (+109/-21)	TonB-dependent receptor SusC/TonB-dependent receptor P3	>/>			JOPOCONL_00812	1	JOPOCONL_00811/JOPOCONL_00812			JOPOCONL_00812	small_indel		T		885886	885886	885886	T					NZ_DS544873.1			-1	output			INS
									susC_1/JOPOCONL_00812	intergenic (+128/-2)	TonB-dependent receptor SusC/TonB-dependent receptor P3	>/>			JOPOCONL_00812	1	JOPOCONL_00811/JOPOCONL_00812			JOPOCONL_00812	small_indel		T		885905	885905	885905	T					NZ_DS544873.1			-1	output			INS
									JOPOCONL_00812	coding (5/1941 nt)	TonB-dependent receptor P3	>	JOPOCONL_00812			1	JOPOCONL_00812	JOPOCONL_00812			small_indel		T		885911	885911	885911	T					NZ_DS544873.1			-1	output			INS
									JOPOCONL_00812	coding (20/1941 nt)	TonB-dependent receptor P3	>	JOPOCONL_00812			1	JOPOCONL_00812	JOPOCONL_00812			small_indel		T		885926	885926	885926	T					NZ_DS544873.1			-1	output			INS
									fadA_2	coding (11707/11727 nt)	3-ketoacyl-CoA thiolase	>		fadA_2		1	JOPOCONL_00832		JOPOCONL_00832		small_indel		A		935476	935476	935476	A	1	6	5	A	NZ_DS544873.1			-1	output			INS
									JOPOCONL_00869	coding (181/201 nt)	hypothetical protein	>		JOPOCONL_00869		1	JOPOCONL_00869		JOPOCONL_00869		small_indel		A		1006603	1006603	1006603	A					NZ_DS544873.1			-1	output			INS
G	10	R		GGA	10	1		CGA	JOPOCONL_00870	28	hypothetical protein	>		JOPOCONL_00870			JOPOCONL_00870		JOPOCONL_00870		snp_nonsynonymous		G		1006647	1006647	1006647	C					NZ_DS544873.1		nonsynonymous	-1	output	11		SNP
N	34	Y		AAT	34	1		TAT	JOPOCONL_00870	100	hypothetical protein	>		JOPOCONL_00870			JOPOCONL_00870		JOPOCONL_00870		snp_nonsynonymous		A		1006719	1006719	1006719	T					NZ_DS544873.1		nonsynonymous	-1	output	11		SNP
									JOPOCONL_00870	coding (145-146/189 nt)	hypothetical protein	>	JOPOCONL_00870				JOPOCONL_00870	JOPOCONL_00870			small_indel		AA		1006764	1006765	1006764	GC					NZ_DS544873.1	2		-1	output			SUB
L	55	L		TTA	55	3		TTG	JOPOCONL_00870	165	hypothetical protein	>		JOPOCONL_00870			JOPOCONL_00870		JOPOCONL_00870		snp_synonymous		A		1006784	1006784	1006784	G					NZ_DS544873.1		synonymous	-1	output	11		SNP
K	59	K		AAG	59	3		AAA	JOPOCONL_00870	177	hypothetical protein	>		JOPOCONL_00870			JOPOCONL_00870		JOPOCONL_00870		snp_synonymous		G		1006796	1006796	1006796	A					NZ_DS544873.1		synonymous	-1	output	11		SNP
									JOPOCONL_00870/rep_1	intergenic (+73/-681)	hypothetical protein/ATP-dependent DNA helicase Rep	>/>			rep_1		JOPOCONL_00870/JOPOCONL_00871			JOPOCONL_00871	snp_intergenic		T		1006881	1006881	1006881	G					NZ_DS544873.1		intergenic	-1	output			SNP
									JOPOCONL_00870/rep_1	intergenic (+77/-677)	hypothetical protein/ATP-dependent DNA helicase Rep	>/>			rep_1		JOPOCONL_00870/JOPOCONL_00871			JOPOCONL_00871	snp_intergenic		T		1006885	1006885	1006885	G					NZ_DS544873.1		intergenic	-1	output			SNP
									JOPOCONL_00870/rep_1	intergenic (+80/-674)	hypothetical protein/ATP-dependent DNA helicase Rep	>/>			rep_1		JOPOCONL_00870/JOPOCONL_00871			JOPOCONL_00871	snp_intergenic		A		1006888	1006888	1006888	G					NZ_DS544873.1		intergenic	-1	output			SNP
									JOPOCONL_00870/rep_1	intergenic (+93/-661)	hypothetical protein/ATP-dependent DNA helicase Rep	>/>			rep_1		JOPOCONL_00870/JOPOCONL_00871			JOPOCONL_00871	snp_intergenic		T		1006901	1006901	1006901	G					NZ_DS544873.1		intergenic	-1	output			SNP
									JOPOCONL_00870/rep_1	intergenic (+97/-345)	hypothetical protein/ATP-dependent DNA helicase Rep	>/>			rep_1		JOPOCONL_00870/JOPOCONL_00871			JOPOCONL_00871	large_substitution		ACCCAAAACCTCCGCTGCTTT		1006905	1007217	1006905	313-bp					NZ_DS544873.1	313		-1	output			SUB
									JOPOCONL_00892	coding (160/216 nt)	hypothetical protein	<	JOPOCONL_00892			1	JOPOCONL_00892	JOPOCONL_00892			small_indel		C		1037283	1037283	1037283	C					NZ_DS544873.1			-1	output			INS
									JOPOCONL_00919/JOPOCONL_00920	intergenic (+1629/-964)	hypothetical protein/hypothetical protein	>/>			JOPOCONL_00920		JOPOCONL_00919/JOPOCONL_00920			JOPOCONL_00920	snp_intergenic		T		1066677	1066677	1066677	A					NZ_DS544873.1		intergenic	-1	output			SNP
									JOPOCONL_00928	coding (14/762 nt)	hypothetical protein	<	JOPOCONL_00928			1	JOPOCONL_00928	JOPOCONL_00928			small_indel		A		1073453	1073453	1073453	A					NZ_DS544873.1			-1	output			INS
									JOPOCONL_01097	coding (821/825 nt)	hypothetical protein	>		JOPOCONL_01097		1	JOPOCONL_01097		JOPOCONL_01097		small_indel		A		1253059	1253059	1253059	A	1	6	5	A	NZ_DS544873.1			-1	output			INS
									JOPOCONL_01097/JOPOCONL_01098	intergenic (+4/-314)	hypothetical protein/hypothetical protein	>/>			JOPOCONL_01098	1	JOPOCONL_01097/JOPOCONL_01098			JOPOCONL_01098	small_indel		A		1253067	1253067	1253067	A					NZ_DS544873.1			-1	output			INS
									JOPOCONL_01097/JOPOCONL_01098	intergenic (+14/-303)	hypothetical protein/hypothetical protein	>/>			JOPOCONL_01098		JOPOCONL_01097/JOPOCONL_01098			JOPOCONL_01098	small_indel		AC		1253077	1253078	1253077	CA					NZ_DS544873.1	2		-1	output			SUB
									JOPOCONL_01097/JOPOCONL_01098	intergenic (+19/-298)	hypothetical protein/hypothetical protein	>/>			JOPOCONL_01098		JOPOCONL_01097/JOPOCONL_01098			JOPOCONL_01098	small_indel		TT		1253082	1253083	1253082	AA					NZ_DS544873.1	2		-1	output			SUB
									JOPOCONL_01097/JOPOCONL_01098	intergenic (+23/-295)	hypothetical protein/hypothetical protein	>/>			JOPOCONL_01098		JOPOCONL_01097/JOPOCONL_01098			JOPOCONL_01098	snp_intergenic		A		1253086	1253086	1253086	T					NZ_DS544873.1		intergenic	-1	output			SNP
									JOPOCONL_01097/JOPOCONL_01098	intergenic (+26/-292)	hypothetical protein/hypothetical protein	>/>			JOPOCONL_01098		JOPOCONL_01097/JOPOCONL_01098			JOPOCONL_01098	snp_intergenic		G		1253089	1253089	1253089	C					NZ_DS544873.1		intergenic	-1	output			SNP
									JOPOCONL_01097/JOPOCONL_01098	intergenic (+38/-279)	hypothetical protein/hypothetical protein	>/>			JOPOCONL_01098		JOPOCONL_01097/JOPOCONL_01098			JOPOCONL_01098	small_indel				1253101	1253102	1253101	CT					NZ_DS544873.1	2		-1	output			DEL
									JOPOCONL_01097/JOPOCONL_01098	intergenic (+65/-253)	hypothetical protein/hypothetical protein	>/>			JOPOCONL_01098		JOPOCONL_01097/JOPOCONL_01098			JOPOCONL_01098	small_indel				1253128	1253128	1253128	A					NZ_DS544873.1	1		-1	output			DEL
									JOPOCONL_01097/JOPOCONL_01098	intergenic (+85/-233)	hypothetical protein/hypothetical protein	>/>			JOPOCONL_01098		JOPOCONL_01097/JOPOCONL_01098			JOPOCONL_01098	snp_intergenic		A		1253148	1253148	1253148	T					NZ_DS544873.1		intergenic	-1	output			SNP
									JOPOCONL_01097/JOPOCONL_01098	intergenic (+92/-226)	hypothetical protein/hypothetical protein	>/>			JOPOCONL_01098		JOPOCONL_01097/JOPOCONL_01098			JOPOCONL_01098	snp_intergenic		G		1253155	1253155	1253155	A					NZ_DS544873.1		intergenic	-1	output			SNP
									JOPOCONL_01097/JOPOCONL_01098	intergenic (+94/-224)	hypothetical protein/hypothetical protein	>/>			JOPOCONL_01098		JOPOCONL_01097/JOPOCONL_01098			JOPOCONL_01098	small_indel				1253157	1253157	1253157	G					NZ_DS544873.1	1		-1	output			DEL
									JOPOCONL_01097/JOPOCONL_01098	intergenic (+102/-216)	hypothetical protein/hypothetical protein	>/>			JOPOCONL_01098		JOPOCONL_01097/JOPOCONL_01098			JOPOCONL_01098	snp_intergenic		C		1253165	1253165	1253165	A					NZ_DS544873.1		intergenic	-1	output			SNP
									JOPOCONL_01097/JOPOCONL_01098	intergenic (+107/-211)	hypothetical protein/hypothetical protein	>/>			JOPOCONL_01098		JOPOCONL_01097/JOPOCONL_01098			JOPOCONL_01098	small_indel				1253170	1253170	1253170	T					NZ_DS544873.1	1		-1	output			DEL
									JOPOCONL_01097/JOPOCONL_01098	intergenic (+108/-210)	hypothetical protein/hypothetical protein	>/>			JOPOCONL_01098		JOPOCONL_01097/JOPOCONL_01098			JOPOCONL_01098	snp_intergenic		A		1253171	1253171	1253171	T					NZ_DS544873.1		intergenic	-1	output			SNP
									JOPOCONL_01097/JOPOCONL_01098	intergenic (+110/-208)	hypothetical protein/hypothetical protein	>/>			JOPOCONL_01098		JOPOCONL_01097/JOPOCONL_01098			JOPOCONL_01098	snp_intergenic		C		1253173	1253173	1253173	A					NZ_DS544873.1		intergenic	-1	output			SNP
									JOPOCONL_01097/JOPOCONL_01098	intergenic (+117/-201)	hypothetical protein/hypothetical protein	>/>			JOPOCONL_01098		JOPOCONL_01097/JOPOCONL_01098			JOPOCONL_01098	snp_intergenic		C		1253180	1253180	1253180	T					NZ_DS544873.1		intergenic	-1	output			SNP
									JOPOCONL_01125/JOPOCONL_01126	intergenic (-186/+230)	hypothetical protein/hypothetical protein	</<				1	JOPOCONL_01125/JOPOCONL_01126				small_indel		T		1291817	1291817	1291817	T	1	6	5	T	NZ_DS544873.1			-1	output			INS
									cspC/JOPOCONL_01143	intergenic (-21/+7)	Cold shock-like protein CspC/hypothetical protein	</<			cspC		JOPOCONL_01142/JOPOCONL_01143			JOPOCONL_01142	small_indel		TTTAATTACTACAAAGATGA		1314863	1314882	1314863	NNNNNNNNNNNNNNNNNNNN					NZ_DS544873.1	20		-1	output			SUB
									JOPOCONL_01143	coding (470/474 nt)	hypothetical protein	<		JOPOCONL_01143		1	JOPOCONL_01143		JOPOCONL_01143		small_indel		A		1314893	1314893	1314893	A					NZ_DS544873.1			-1	output			INS
									JOPOCONL_01233	coding (15/1623 nt)	hypothetical protein	<	JOPOCONL_01233			1	JOPOCONL_01233	JOPOCONL_01233			small_indel		C		1418537	1418537	1418537	C					NZ_DS544873.1			-1	output			INS
									JOPOCONL_01233/btuB_5	intergenic (-101/+110)	hypothetical protein/Vitamin B12 transporter BtuB	</<			JOPOCONL_01233	1	JOPOCONL_01233/JOPOCONL_01234			JOPOCONL_01233	small_indel		C		1418652	1418652	1418652	C					NZ_DS544873.1			-1	output			INS
									JOPOCONL_01250/pheT	intergenic (+29/-19)	hypothetical protein/Phenylalanine--tRNA ligase beta subunit	>/>			pheT		JOPOCONL_01250/JOPOCONL_01251			JOPOCONL_01251	small_indel		TATGTTCTTATTTGCCAAC		1441412	1441430	1441412	NNNNNNNNNNNNNNNNNNN					NZ_DS544873.1	19		-1	output			SUB
									JOPOCONL_01380	coding (365-393/417 nt)	hypothetical protein	>		JOPOCONL_01380			JOPOCONL_01380		JOPOCONL_01380		small_indel				1581641	1581669	1581641	29-bp					NZ_DS544873.1	29		-1	output			DEL
G	42	S		GGC	42	1		AGC	JOPOCONL_01403	124	hypothetical protein	>		JOPOCONL_01403			JOPOCONL_01403		JOPOCONL_01403		snp_nonsynonymous		G		1604805	1604805	1604805	A					NZ_DS544873.1		nonsynonymous	-1	output	11		SNP
									JOPOCONL_01403/quiP	intergenic (+37/-77)	hypothetical protein/Acyl-homoserine lactone acylase QuiP	>/>			quiP	1	JOPOCONL_01403/JOPOCONL_01404			JOPOCONL_01404	small_indel		A		1604892	1604892	1604892	A					NZ_DS544873.1			-1	output			INS
									JOPOCONL_01403/quiP	intergenic (+66/-48)	hypothetical protein/Acyl-homoserine lactone acylase QuiP	>/>			quiP	1	JOPOCONL_01403/JOPOCONL_01404			JOPOCONL_01404	small_indel		TA		1604921	1604921	1604921	T					NZ_DS544873.1			-1	output			INS
									JOPOCONL_01403/quiP	intergenic (+99/-15)	hypothetical protein/Acyl-homoserine lactone acylase QuiP	>/>			quiP	1	JOPOCONL_01403/JOPOCONL_01404			JOPOCONL_01404	small_indel		A		1604954	1604954	1604954	A					NZ_DS544873.1			-1	output			INS
									quiP	coding (8/2334 nt)	Acyl-homoserine lactone acylase QuiP	>	quiP			1	JOPOCONL_01404	JOPOCONL_01404			small_indel		T		1604976	1604976	1604976	T					NZ_DS544873.1			-1	output			INS
									quiP	coding (10/2334 nt)	Acyl-homoserine lactone acylase QuiP	>	quiP			1	JOPOCONL_01404	JOPOCONL_01404			small_indel		T		1604978	1604978	1604978	T					NZ_DS544873.1			-1	output			INS
									quiP	coding (12/2334 nt)	Acyl-homoserine lactone acylase QuiP	>	quiP			1	JOPOCONL_01404	JOPOCONL_01404			small_indel		C		1604980	1604980	1604980	C					NZ_DS544873.1			-1	output			INS
P	146	L		CCG	146	2		CTG	pxpA	437	5-oxoprolinase subunit A	<		pxpA			JOPOCONL_01417		JOPOCONL_01417		snp_nonsynonymous		G		1618033	1618033	1618033	A					NZ_DS544873.1		nonsynonymous	-1	output	11		SNP
									JOPOCONL_01433	coding (4/1272 nt)	hypothetical protein	<	JOPOCONL_01433				JOPOCONL_01433	JOPOCONL_01433			small_indel				1640362	1640362	1640362	A					NZ_DS544873.1	1		-1	output			DEL
									JOPOCONL_01433/JOPOCONL_01434	intergenic (-19/+182)	hypothetical protein/hypothetical protein	</<			JOPOCONL_01433		JOPOCONL_01433/JOPOCONL_01434			JOPOCONL_01433	small_indel				1640384	1640384	1640384	A					NZ_DS544873.1	1		-1	output			DEL
									JOPOCONL_01433/JOPOCONL_01434	intergenic (-47/+154)	hypothetical protein/hypothetical protein	</<			JOPOCONL_01433		JOPOCONL_01433/JOPOCONL_01434			JOPOCONL_01433	small_indel				1640412	1640412	1640412	A					NZ_DS544873.1	1		-1	output			DEL
									JOPOCONL_01433/JOPOCONL_01434	intergenic (-52/+149)	hypothetical protein/hypothetical protein	</<			JOPOCONL_01433		JOPOCONL_01433/JOPOCONL_01434			JOPOCONL_01433	small_indel				1640417	1640417	1640417	A					NZ_DS544873.1	1		-1	output			DEL
									JOPOCONL_01433/JOPOCONL_01434	intergenic (-66/+135)	hypothetical protein/hypothetical protein	</<			JOPOCONL_01433		JOPOCONL_01433/JOPOCONL_01434			JOPOCONL_01433	small_indel				1640431	1640431	1640431	A					NZ_DS544873.1	1		-1	output			DEL
									JOPOCONL_01433/JOPOCONL_01434	intergenic (-121/+80)	hypothetical protein/hypothetical protein	</<			JOPOCONL_01433		JOPOCONL_01433/JOPOCONL_01434			JOPOCONL_01433	small_indel				1640486	1640486	1640486	A					NZ_DS544873.1	1		-1	output			DEL
									JOPOCONL_01434	coding (2443/2448 nt)	hypothetical protein	<		JOPOCONL_01434		1	JOPOCONL_01434		JOPOCONL_01434		small_indel		A		1640571	1640571	1640571	A					NZ_DS544873.1			-1	output			INS
V	783	V		GTT	783	3		GTC	JOPOCONL_01434	2349	hypothetical protein	<		JOPOCONL_01434			JOPOCONL_01434		JOPOCONL_01434		snp_synonymous		A		1640665	1640665	1640665	G					NZ_DS544873.1		synonymous	-1	output	11		SNP
D	773	D		GAT	773	3		GAC	JOPOCONL_01434	2319	hypothetical protein	<		JOPOCONL_01434			JOPOCONL_01434		JOPOCONL_01434		snp_synonymous		A		1640695	1640695	1640695	G					NZ_DS544873.1		synonymous	-1	output	11		SNP
									JOPOCONL_01538/JOPOCONL_01539	intergenic (-94/-132)	hypothetical protein/hypothetical protein	</>			JOPOCONL_01538	1	JOPOCONL_01538/JOPOCONL_01539			JOPOCONL_01538	small_indel		A		1757883	1757883	1757883	A	1	8	7	A	NZ_DS544873.1			-1	output			INS
									yghO	coding (960/984 nt)	Protein YghO	>		yghO		1	JOPOCONL_01545		JOPOCONL_01545		small_indel		A		1766674	1766674	1766674	A					NZ_DS544873.1			-1	output			INS
									uvrA_2	coding (2731/2829 nt)	UvrABC system protein A	>		uvrA_2		1	JOPOCONL_01900		JOPOCONL_01900		small_indel		G		2148916	2148916	2148916	G					NZ_DS544873.1			-1	output			INS
									uvrA_2	coding (2739/2829 nt)	UvrABC system protein A	>		uvrA_2		1	JOPOCONL_01900		JOPOCONL_01900		small_indel		G		2148924	2148924	2148924	G					NZ_DS544873.1			-1	output			INS
									uvrA_2	coding (2784/2829 nt)	UvrABC system protein A	>		uvrA_2		1	JOPOCONL_01900		JOPOCONL_01900		small_indel		A		2148969	2148969	2148969	A					NZ_DS544873.1			-1	output			INS
									recN_1/recN_2	intergenic (-40/+24)	DNA repair protein RecN/DNA repair protein RecN	</<			recN_1	1	JOPOCONL_01919/JOPOCONL_01920			JOPOCONL_01919	small_indel		A		2176126	2176126	2176126	A					NZ_DS544873.1			-1	output			INS
									recN_1/recN_2	intergenic (-57/+7)	DNA repair protein RecN/DNA repair protein RecN	</<			recN_1	1	JOPOCONL_01919/JOPOCONL_01920			JOPOCONL_01919	small_indel		A		2176143	2176143	2176143	A					NZ_DS544873.1			-1	output			INS
									recN_2	coding (721/723 nt)	DNA repair protein RecN	<		recN_2		1	JOPOCONL_01920		JOPOCONL_01920		small_indel		A		2176152	2176152	2176152	A					NZ_DS544873.1			-1	output			INS
G	162	G		GGT	162	3		GGG	JOPOCONL_01952	486	hypothetical protein	>		JOPOCONL_01952			JOPOCONL_01952		JOPOCONL_01952		snp_synonymous		T		2208608	2208608	2208608	G					NZ_DS544873.1		synonymous	-1	output	11		SNP
C	181	R		TGT	181	1		CGT	JOPOCONL_01952	541	hypothetical protein	>		JOPOCONL_01952			JOPOCONL_01952		JOPOCONL_01952		snp_nonsynonymous		T		2208663	2208663	2208663	C					NZ_DS544873.1		nonsynonymous	-1	output	11		SNP
I	185	L		ATT	185	1		CTT	JOPOCONL_01952	553	hypothetical protein	>		JOPOCONL_01952			JOPOCONL_01952		JOPOCONL_01952		snp_nonsynonymous		A		2208675	2208675	2208675	C					NZ_DS544873.1		nonsynonymous	-1	output	11		SNP
A	189	G		GCC	189	2		GGC	JOPOCONL_01952	566	hypothetical protein	>		JOPOCONL_01952			JOPOCONL_01952		JOPOCONL_01952		snp_nonsynonymous		C		2208688	2208688	2208688	G					NZ_DS544873.1		nonsynonymous	-1	output	11		SNP
									JOPOCONL_01952	coding (608/615 nt)	hypothetical protein	>		JOPOCONL_01952			JOPOCONL_01952		JOPOCONL_01952		small_indel				2208730	2208730	2208730	C					NZ_DS544873.1	1		-1	output			DEL
*	204	W		TGA	204	3		TGG	JOPOCONL_01952	612	hypothetical protein	>		JOPOCONL_01952			JOPOCONL_01952		JOPOCONL_01952		snp_nonsense		A		2208734	2208734	2208734	G					NZ_DS544873.1		nonsense	-1	output	11		SNP
									JOPOCONL_01979	coding (171-192/468 nt)	hypothetical protein	>	JOPOCONL_01979				JOPOCONL_01979	JOPOCONL_01979			small_indel		AAAAGGAAACTACAACACCATC		2230629	2230650	2230629	22-bp					NZ_DS544873.1	22		-1	output			SUB
									JOPOCONL_01979/ade_2	intergenic (+675/-67)	hypothetical protein/Adenine deaminase	>/>			ade_2		JOPOCONL_01979/JOPOCONL_01980			JOPOCONL_01980	large_substitution		CGTATTCTTGACA		2231601	2231666	2231601	66-bp					NZ_DS544873.1	66		-1	output			SUB
									JOPOCONL_01979/ade_2	intergenic (+772/-35)	hypothetical protein/Adenine deaminase	>/>			ade_2	1	JOPOCONL_01979/JOPOCONL_01980			JOPOCONL_01980	small_indel		A		2231698	2231698	2231698	A					NZ_DS544873.1			-1	output			INS
									JOPOCONL_01979/ade_2	intergenic (+805/-2)	hypothetical protein/Adenine deaminase	>/>			ade_2	1	JOPOCONL_01979/JOPOCONL_01980			JOPOCONL_01980	small_indel		T		2231731	2231731	2231731	T					NZ_DS544873.1			-1	output			INS
									JOPOCONL_02007	coding (2132/2142 nt)	hypothetical protein	<		JOPOCONL_02007		1	JOPOCONL_02007		JOPOCONL_02007		small_indel		T		2258394	2258394	2258394	T					NZ_DS544873.1			-1	output			INS
									mazG/JOPOCONL_02028	intergenic (+345/+93)	Nucleoside triphosphate pyrophosphohydrolase/hypothetical protein	>/<			JOPOCONL_02028		JOPOCONL_02027/JOPOCONL_02028			JOPOCONL_02028	small_indel				2278644	2278644	2278644	A	1	6	7	A	NZ_DS544873.1	1		-1	output			DEL
									yybR_2/JOPOCONL_02062	intergenic (-145/-39)	putative HTH-type transcriptional regulator YybR/Major NAD(P)H-flavin oxidoreductase	</>			yybR_2	1	JOPOCONL_02061/JOPOCONL_02062			JOPOCONL_02061	small_indel		A		2314432	2314432	2314432	A	1	7	6	A	NZ_DS544873.1			-1	output			INS
									yybR_2/JOPOCONL_02062	intergenic (-154/-30)	putative HTH-type transcriptional regulator YybR/Major NAD(P)H-flavin oxidoreductase	</>				1	JOPOCONL_02061/JOPOCONL_02062				small_indel		T		2314441	2314441	2314441	T					NZ_DS544873.1			-1	output			INS
									yybR_2/JOPOCONL_02062	intergenic (-160/-24)	putative HTH-type transcriptional regulator YybR/Major NAD(P)H-flavin oxidoreductase	</>				1	JOPOCONL_02061/JOPOCONL_02062				small_indel		A		2314447	2314447	2314447	A	1	6	5	A	NZ_DS544873.1			-1	output			INS
									yybR_2/JOPOCONL_02062	intergenic (-163/-21)	putative HTH-type transcriptional regulator YybR/Major NAD(P)H-flavin oxidoreductase	</>				1	JOPOCONL_02061/JOPOCONL_02062				small_indel		T		2314450	2314450	2314450	T					NZ_DS544873.1			-1	output			INS
									yybR_2/JOPOCONL_02062	intergenic (-171/-13)	putative HTH-type transcriptional regulator YybR/Major NAD(P)H-flavin oxidoreductase	</>				1	JOPOCONL_02061/JOPOCONL_02062				small_indel		A		2314458	2314458	2314458	A					NZ_DS544873.1			-1	output			INS
									JOPOCONL_02078	coding (163/174 nt)	hypothetical protein	>		JOPOCONL_02078		1	JOPOCONL_02078		JOPOCONL_02078		small_indel		G		2342499	2342499	2342499	G					NZ_DS544873.1			-1	output			INS
									tycC_2	coding (10456/10491 nt)	Tyrocidine synthase 3	<		tycC_2		1	JOPOCONL_02223		JOPOCONL_02223		small_indel		TGCCAGAAACCTGGTGTCGCCTGCATAATGCT		2496890	2496890	2496890	T					NZ_DS544873.1			-1	output			INS
									tycC_2	coding (10436-10455/10491 nt)	Tyrocidine synthase 3	<		tycC_2			JOPOCONL_02223		JOPOCONL_02223		small_indel		TGGATGGTGTTGGTTGAACA		2496891	2496910	2496891	NNNNNNNNNNNNNNNNNNNN					NZ_DS544873.1	20		-1	output			SUB
									JOPOCONL_02271	coding (712/750 nt)	hypothetical protein	<		JOPOCONL_02271		1	JOPOCONL_02271		JOPOCONL_02271		small_indel		A		2594528	2594528	2594528	A	1	8	7	A	NZ_DS544873.1			-1	output			INS
									JOPOCONL_02431	coding (411/501 nt)	hypothetical protein	>		JOPOCONL_02431		1	JOPOCONL_02431		JOPOCONL_02431		small_indel		A		2773665	2773665	2773665	A					NZ_DS544873.1			-1	output			INS
Y	56	*		TAC	56	3		TAA	JOPOCONL_02868	168	hypothetical protein	>		JOPOCONL_02868			JOPOCONL_02868		JOPOCONL_02868		snp_nonsynonymous		C		3237822	3237822	3237822	A					NZ_DS544873.1		nonsynonymous	-1	output	11		SNP
									JOPOCONL_02868/JOPOCONL_02869	intergenic (+11/-76)	hypothetical protein/hypothetical protein	>/>			JOPOCONL_02869	1	JOPOCONL_02868/JOPOCONL_02869			JOPOCONL_02869	small_indel		T		3237833	3237833	3237833	A					NZ_DS544873.1			-1	output			INS
									JOPOCONL_03003	coding (345/348 nt)	hypothetical protein	>		JOPOCONL_03003		1	JOPOCONL_03003		JOPOCONL_03003		small_indel		C		3368731	3368731	3368731	C					NZ_DS544873.1			-1	output			INS
									JOPOCONL_03003/JOPOCONL_03004	intergenic (+8/-203)	hypothetical protein/hypothetical protein	>/>			JOPOCONL_03004	1	JOPOCONL_03003/JOPOCONL_03004			JOPOCONL_03004	small_indel		T		3368742	3368742	3368742	T					NZ_DS544873.1			-1	output			INS
									JOPOCONL_03025	coding (140/261 nt)	hypothetical protein	<	JOPOCONL_03025				JOPOCONL_03025	JOPOCONL_03025			small_indel				3386972	3386972	3386972	A					NZ_DS544873.1	1		-1	output			DEL
									JOPOCONL_03452	coding (2411/2463 nt)	hypothetical protein	>		JOPOCONL_03452		1	JOPOCONL_03452		JOPOCONL_03452		small_indel		T		3898241	3898241	3898241	T					NZ_DS544873.1			-1	output			INS
									JOPOCONL_03549	coding (744-763/942 nt)	hypothetical protein	>	JOPOCONL_03549				JOPOCONL_03549	JOPOCONL_03549			small_indel		AGCGCGACAAGGAATGGTAA		4003065	4003084	4003065	NNNNNNNNNNNNNNNNNNNN					NZ_DS544873.1	20		-1	output			SUB
									JOPOCONL_03549	coding (770/942 nt)	hypothetical protein	>		JOPOCONL_03549		1	JOPOCONL_03549		JOPOCONL_03549		small_indel		A		4003091	4003091	4003091	A					NZ_DS544873.1			-1	output			INS
									JOPOCONL_03549	coding (777/942 nt)	hypothetical protein	>		JOPOCONL_03549		1	JOPOCONL_03549		JOPOCONL_03549		small_indel		A		4003098	4003098	4003098	A					NZ_DS544873.1			-1	output			INS
									JOPOCONL_03549	coding (784/942 nt)	hypothetical protein	>		JOPOCONL_03549		1	JOPOCONL_03549		JOPOCONL_03549		small_indel		T		4003105	4003105	4003105	T					NZ_DS544873.1			-1	output			INS
									JOPOCONL_03549	coding (788/942 nt)	hypothetical protein	>		JOPOCONL_03549		1	JOPOCONL_03549		JOPOCONL_03549		small_indel		AT		4003109	4003109	4003109	A					NZ_DS544873.1			-1	output			INS
									JOPOCONL_03549	coding (805/942 nt)	hypothetical protein	>		JOPOCONL_03549		1	JOPOCONL_03549		JOPOCONL_03549		small_indel		G		4003126	4003126	4003126	G					NZ_DS544873.1			-1	output			INS
									JOPOCONL_03549	coding (810/942 nt)	hypothetical protein	>		JOPOCONL_03549		1	JOPOCONL_03549		JOPOCONL_03549		small_indel		G		4003131	4003131	4003131	G					NZ_DS544873.1			-1	output			INS
									JOPOCONL_03549	coding (882/942 nt)	hypothetical protein	>		JOPOCONL_03549		1	JOPOCONL_03549		JOPOCONL_03549		small_indel		T		4003203	4003203	4003203	T					NZ_DS544873.1			-1	output			INS
									JOPOCONL_03549	coding (899/942 nt)	hypothetical protein	>		JOPOCONL_03549		1	JOPOCONL_03549		JOPOCONL_03549		small_indel		T		4003220	4003220	4003220	T	1	6	5	T	NZ_DS544873.1			-1	output			INS
									sufS_1|sufS_2	coding (19/522 nt)|coding (707/726 nt)	Cysteine desulfurase|Cysteine desulfurase SufS	<|<	sufS_1	sufS_2		1	JOPOCONL_03687|JOPOCONL_03688	JOPOCONL_03687	JOPOCONL_03688		small_indel		T		4168778	4168778	4168778	T					NZ_DS544873.1		|	-1	output			INS
									sufS_1|sufS_2	coding (12/522 nt)|coding (700/726 nt)	Cysteine desulfurase|Cysteine desulfurase SufS	<|<	sufS_1	sufS_2		1	JOPOCONL_03687|JOPOCONL_03688	JOPOCONL_03687	JOPOCONL_03688		small_indel		A		4168785	4168785	4168785	A					NZ_DS544873.1		|	-1	output			INS
									JOPOCONL_04225/JOPOCONL_04226	intergenic (-55/+63)	hypothetical protein/hypothetical protein	</<			JOPOCONL_04225	1	JOPOCONL_04225/JOPOCONL_04226			JOPOCONL_04225	small_indel		T		4756848	4756848	4756848	T					NZ_DS544873.1			-1	output			INS
									JOPOCONL_04226	coding (797/813 nt)	hypothetical protein	<		JOPOCONL_04226			JOPOCONL_04226		JOPOCONL_04226		small_indel				4756927	4756927	4756927	C	1	4	5	C	NZ_DS544873.1	1		-1	output			DEL
									JOPOCONL_04289|JOPOCONL_04290	coding (21-37/717 nt)|coding (799-815/825 nt)	hypothetical protein|hypothetical protein	<|<	JOPOCONL_04289	JOPOCONL_04290			JOPOCONL_04289|JOPOCONL_04290	JOPOCONL_04289	JOPOCONL_04290		small_indel		TACCCAAGATTTACAAG		4824632	4824648	4824632	NNNNNNNNNNNNNNNNN					NZ_DS544873.1	17	|	-1	output			SUB
									JOPOCONL_04370/degS	intergenic (+90/-47)	hypothetical protein/Signal transduction histidine-protein kinase/phosphatase DegS	>/>			degS	1	JOPOCONL_04370/JOPOCONL_04371			JOPOCONL_04371	small_indel		A		4912806	4912806	4912806	A					NZ_DS544873.1			-1	output			INS
									JOPOCONL_04370/degS	intergenic (+91/-46)	hypothetical protein/Signal transduction histidine-protein kinase/phosphatase DegS	>/>			degS		JOPOCONL_04370/JOPOCONL_04371			JOPOCONL_04371	snp_intergenic		G		4912807	4912807	4912807	C					NZ_DS544873.1		intergenic	-1	output			SNP
									trpC/JOPOCONL_04422	intergenic (-7/-57)	Indole-3-glycerol phosphate synthase/hypothetical protein	</>			trpC	1	JOPOCONL_04421/JOPOCONL_04422			JOPOCONL_04421	small_indel		A		4962345	4962345	4962345	A					NZ_DS544873.1			-1	output			INS
									pabA/trpE	intergenic (-5/+172)	Aminodeoxychorismate synthase component 2/Anthranilate synthase component 1	</<			pabA	1	JOPOCONL_04425/JOPOCONL_04426			JOPOCONL_04425	small_indel		T		4964747	4964747	4964747	T	1	7	6	T	NZ_DS544873.1			-1	output			INS
									pabA/trpE	intergenic (-21/+156)	Aminodeoxychorismate synthase component 2/Anthranilate synthase component 1	</<			pabA	1	JOPOCONL_04425/JOPOCONL_04426			JOPOCONL_04425	small_indel		T		4964763	4964763	4964763	T					NZ_DS544873.1			-1	output			INS
H	354	R		CAT	354	2		CGT	rpoB	1061	DNA-directed RNA polymerase subunit beta	>		rpoB			JOPOCONL_04458		JOPOCONL_04458		snp_nonsynonymous		A		4991025	4991025	4991025	G					NZ_DS544873.1		nonsynonymous	-1	output	11		SNP
L	4368	Q		CTG	4368	2		CAG	JOPOCONL_04467	13103	hypothetical protein	>		JOPOCONL_04467			JOPOCONL_04467		JOPOCONL_04467		snp_nonsynonymous		T		5019167	5019167	5019167	A					NZ_DS544873.1		nonsynonymous	-1	output	11		SNP
									JOPOCONL_04468	coding (2153/2169 nt)	hypothetical protein	>		JOPOCONL_04468		1	JOPOCONL_04468		JOPOCONL_04468		small_indel		T		5021833	5021833	5021833	G					NZ_DS544873.1			-1	output			INS
G	161	R		GGG	161	1		CGG	JOPOCONL_04470	481	hypothetical protein	>		JOPOCONL_04470			JOPOCONL_04470		JOPOCONL_04470		snp_nonsynonymous		G		5024368	5024368	5024368	C					NZ_DS544873.1		nonsynonymous	-1	output	11		SNP
